bus_id,date,origin_station,destination_station,scheduled_departure,scheduled_arrival,actual_arrival_delay_min,weather_condition,holiday,peak_hour,delayed
BUS039,01-01-2024,Erode,Salem,00:00:00,03:00:00,56,Cloudy,0,0,1
BUS029,01-01-2024,Madurai,Salem,01:00:00,04:00:00,27,,0,1,1
BUS015,01-01-2024,Trichy,Tirunelveli,02:00:00,05:00:00,79,Cloudy,0,1,1
BUS043,01-01-2024,Coimbatore,Chennai,03:00:00,06:00:00,29,Cloudy,0,1,1
BUS008,01-01-2024,Salem,Madurai,04:00:00,07:00:00,46,,0,1,1
BUS021,01-01-2024,Erode,Trichy,05:00:00,08:00:00,28,Rainy,,1,1
BUS039,01-01-2024,Coimbatore,Coimbatore,06:00:00,09:00:00,35,Cloudy,1,1,1
BUS019,01-01-2024,Chennai,Salem,07:00:00,10:00:00,45,Foggy,1,0,1
BUS023,01-01-2024,Chennai,Erode,08:00:00,11:00:00,41,Cloudy,1,0,1
BUS011,01-01-2024,Tirunelveli,Erode,09:00:00,12:00:00,76,Stormy,0,0,1
BUS011,01-01-2024,Trichy,Trichy,10:00:00,13:00:00,52,Cloudy,0,1,1
BUS024,01-01-2024,Madurai,Erode,11:00:00,14:00:00,69,Foggy,0,0,1
BUS036,01-01-2024,Trichy,Madurai,12:00:00,15:00:00,51,Stormy,0,1,1
BUS040,01-01-2024,Trichy,Erode,13:00:00,16:00:00,17,Clear,0,0,1
BUS024,01-01-2024,Trichy,Coimbatore,14:00:00,17:00:00,42,Clear,0,1,1
BUS003,01-01-2024,Trichy,Coimbatore,15:00:00,18:00:00,16,Foggy,,0,1
BUS022,01-01-2024,Salem,Salem,16:00:00,19:00:00,11,Cloudy,1,1,1
BUS002,01-01-2024,Salem,Chennai,17:00:00,20:00:00,63,Rainy,0,0,1
BUS024,01-01-2024,Tirunelveli,Tirunelveli,18:00:00,21:00:00,102,Foggy,0,0,1
BUS044,01-01-2024,Coimbatore,Madurai,19:00:00,22:00:00,5,Stormy,0,0,0
BUS030,01-01-2024,Chennai,Salem,20:00:00,23:00:00,88,Stormy,0,1,1
BUS038,01-01-2024,Trichy,Madurai,21:00:00,00:00:00,9,Clear,0,0,0
BUS002,01-01-2024,Tirunelveli,Chennai,22:00:00,01:00:00,85,Stormy,0,0,1
BUS021,01-01-2024,Coimbatore,Erode,23:00:00,02:00:00,29,Foggy,0,1,1
BUS033,02-01-2024,Chennai,Erode,00:00:00,03:00:00,27,Stormy,0,1,1
BUS012,02-01-2024,Erode,Tirunelveli,01:00:00,04:00:00,78,Foggy,0,1,1
BUS022,02-01-2024,Madurai,Chennai,02:00:00,05:00:00,119,,0,0,1
BUS044,02-01-2024,Salem,Salem,03:00:00,06:00:00,10,Clear,0,0,0
BUS025,02-01-2024,Erode,Tirunelveli,04:00:00,07:00:00,28,Stormy,1,1,1
BUS049,02-01-2024,Chennai,Chennai,05:00:00,08:00:00,60,Foggy,0,0,1
BUS027,02-01-2024,Erode,Trichy,06:00:00,09:00:00,93,Cloudy,0,1,1
BUS042,02-01-2024,Madurai,Coimbatore,07:00:00,10:00:00,34,Clear,0,0,1
BUS028,02-01-2024,Tirunelveli,Tirunelveli,08:00:00,11:00:00,114,Rainy,1,0,1
BUS016,02-01-2024,Chennai,Tirunelveli,09:00:00,12:00:00,,Foggy,1,0,1
BUS015,02-01-2024,Erode,Salem,10:00:00,13:00:00,41,Rainy,0,0,1
BUS047,02-01-2024,Salem,Madurai,11:00:00,14:00:00,33,Rainy,0,0,1
BUS044,02-01-2024,Salem,Trichy,12:00:00,15:00:00,64,Stormy,1,0,1
BUS003,02-01-2024,Coimbatore,Salem,13:00:00,16:00:00,67,Stormy,0,1,1
BUS037,02-01-2024,Erode,Chennai,14:00:00,17:00:00,14,Foggy,0,0,1
BUS007,02-01-2024,Trichy,Chennai,15:00:00,18:00:00,118,,0,1,1
BUS021,02-01-2024,Erode,Chennai,16:00:00,19:00:00,-5,Foggy,1,1,0
BUS009,02-01-2024,Tirunelveli,Chennai,17:00:00,20:00:00,66,Cloudy,1,0,1
BUS039,02-01-2024,Chennai,Madurai,18:00:00,21:00:00,113,Rainy,0,0,1
BUS018,02-01-2024,Chennai,Trichy,19:00:00,22:00:00,81,Clear,0,1,1
BUS004,02-01-2024,Tirunelveli,Erode,20:00:00,23:00:00,57,Foggy,0,1,1
BUS025,02-01-2024,Erode,Coimbatore,21:00:00,00:00:00,61,Foggy,0,1,1
BUS014,02-01-2024,Tirunelveli,Madurai,22:00:00,01:00:00,-2,Cloudy,1,1,0
BUS050,02-01-2024,Madurai,Madurai,23:00:00,02:00:00,52,Rainy,0,1,1
BUS009,03-01-2024,Tirunelveli,Erode,00:00:00,03:00:00,19,Rainy,0,0,1
BUS026,03-01-2024,Salem,Erode,01:00:00,04:00:00,41,,0,0,1
BUS002,03-01-2024,Tirunelveli,Coimbatore,02:00:00,05:00:00,32,Rainy,0,1,1
BUS020,03-01-2024,Chennai,Coimbatore,03:00:00,06:00:00,9,Stormy,0,0,0
BUS028,03-01-2024,Salem,Erode,04:00:00,07:00:00,57,Clear,0,1,1
BUS047,03-01-2024,Chennai,Chennai,05:00:00,08:00:00,15,Foggy,0,0,1
BUS007,03-01-2024,Coimbatore,Madurai,06:00:00,09:00:00,93,,0,0,1
BUS044,03-01-2024,Trichy,Salem,07:00:00,10:00:00,51,Foggy,0,1,1
BUS008,03-01-2024,Chennai,Coimbatore,08:00:00,11:00:00,111,Stormy,0,0,1
BUS047,03-01-2024,Salem,Coimbatore,09:00:00,12:00:00,,Rainy,0,0,1
BUS035,03-01-2024,Coimbatore,Erode,10:00:00,13:00:00,40,Cloudy,1,0,1
BUS014,03-01-2024,Chennai,Trichy,11:00:00,14:00:00,110,Stormy,1,1,1
BUS017,03-01-2024,Madurai,Salem,12:00:00,15:00:00,8,,1,0,0
BUS036,03-01-2024,Tirunelveli,Salem,13:00:00,16:00:00,94,Cloudy,0,1,1
BUS050,03-01-2024,Trichy,Coimbatore,14:00:00,17:00:00,70,Rainy,1,0,1
BUS040,03-01-2024,Chennai,Chennai,15:00:00,18:00:00,11,Stormy,0,1,1
BUS004,03-01-2024,Coimbatore,Trichy,16:00:00,19:00:00,33,Cloudy,0,1,1
BUS002,03-01-2024,Madurai,Salem,17:00:00,20:00:00,3,Stormy,0,0,0
BUS006,03-01-2024,Erode,Coimbatore,18:00:00,21:00:00,93,Stormy,0,0,1
BUS042,03-01-2024,Coimbatore,Salem,19:00:00,22:00:00,118,Rainy,0,0,1
BUS004,03-01-2024,Tirunelveli,Tirunelveli,20:00:00,23:00:00,71,,0,1,1
BUS029,03-01-2024,Coimbatore,Trichy,21:00:00,00:00:00,73,Cloudy,,0,1
BUS018,03-01-2024,Madurai,Trichy,22:00:00,01:00:00,76,Rainy,0,1,1
BUS026,03-01-2024,Coimbatore,Tirunelveli,23:00:00,02:00:00,109,Stormy,0,0,1
BUS044,04-01-2024,Madurai,Madurai,00:00:00,03:00:00,91,Rainy,0,0,1
BUS034,04-01-2024,Chennai,Tirunelveli,01:00:00,04:00:00,0,Foggy,0,0,0
BUS010,04-01-2024,Madurai,Erode,02:00:00,05:00:00,117,Cloudy,1,0,1
BUS036,04-01-2024,Madurai,Erode,03:00:00,06:00:00,85,Foggy,1,0,1
BUS014,04-01-2024,Trichy,Coimbatore,04:00:00,07:00:00,17,Clear,0,1,1
BUS031,04-01-2024,Madurai,Trichy,05:00:00,08:00:00,53,Cloudy,0,1,1
BUS048,04-01-2024,Madurai,Madurai,06:00:00,09:00:00,,Foggy,,0,1
BUS015,04-01-2024,Erode,Madurai,07:00:00,10:00:00,92,Stormy,1,1,1
BUS008,04-01-2024,Chennai,Salem,08:00:00,11:00:00,114,Cloudy,0,1,1
BUS014,04-01-2024,Tirunelveli,Salem,09:00:00,12:00:00,40,Cloudy,0,1,1
BUS023,04-01-2024,Trichy,Tirunelveli,10:00:00,13:00:00,,Rainy,0,0,1
BUS040,04-01-2024,Erode,Madurai,11:00:00,14:00:00,8,Stormy,0,0,0
BUS021,04-01-2024,Salem,Tirunelveli,12:00:00,15:00:00,94,Clear,0,0,1
BUS016,04-01-2024,Chennai,Tirunelveli,13:00:00,16:00:00,111,Foggy,1,1,1
BUS045,04-01-2024,Chennai,Salem,14:00:00,17:00:00,66,Rainy,0,0,1
BUS018,04-01-2024,Salem,Trichy,15:00:00,18:00:00,56,Foggy,0,0,1
BUS047,04-01-2024,Tirunelveli,Tirunelveli,16:00:00,19:00:00,29,Clear,1,0,1
BUS024,04-01-2024,Madurai,Chennai,17:00:00,20:00:00,13,Clear,1,0,1
BUS026,04-01-2024,Erode,Trichy,18:00:00,21:00:00,24,Cloudy,0,1,1
BUS025,04-01-2024,Coimbatore,Madurai,19:00:00,22:00:00,72,Clear,0,0,1
BUS045,04-01-2024,Trichy,Madurai,20:00:00,23:00:00,117,Foggy,0,0,1
BUS041,04-01-2024,Coimbatore,Tirunelveli,21:00:00,00:00:00,78,Stormy,1,1,1
BUS029,04-01-2024,Salem,Trichy,22:00:00,01:00:00,107,,0,1,1
BUS015,04-01-2024,Chennai,Salem,23:00:00,02:00:00,19,Cloudy,1,1,1
BUS045,05-01-2024,Tirunelveli,Salem,00:00:00,03:00:00,34,Foggy,0,1,1
BUS001,05-01-2024,Chennai,Erode,01:00:00,04:00:00,82,,0,1,1
BUS025,05-01-2024,Trichy,Madurai,02:00:00,05:00:00,8,Clear,0,0,0
BUS007,05-01-2024,Chennai,Coimbatore,03:00:00,06:00:00,20,Foggy,0,0,1
BUS009,05-01-2024,Chennai,Erode,04:00:00,07:00:00,96,Rainy,0,1,1
BUS024,05-01-2024,Trichy,Salem,05:00:00,08:00:00,,Clear,0,1,1
BUS001,05-01-2024,Erode,Trichy,06:00:00,09:00:00,16,Rainy,,1,1
BUS044,05-01-2024,Erode,Salem,07:00:00,10:00:00,42,Cloudy,,0,1
BUS008,05-01-2024,Trichy,Trichy,08:00:00,11:00:00,115,Stormy,0,0,1
BUS024,05-01-2024,Tirunelveli,Erode,09:00:00,12:00:00,77,Cloudy,0,0,1
BUS011,05-01-2024,Salem,Madurai,10:00:00,13:00:00,104,Stormy,0,0,1
BUS017,05-01-2024,Chennai,Salem,11:00:00,14:00:00,45,Cloudy,0,0,1
BUS008,05-01-2024,Tirunelveli,Tirunelveli,12:00:00,15:00:00,-3,Foggy,0,1,0
BUS035,05-01-2024,Chennai,Trichy,13:00:00,16:00:00,36,Rainy,0,0,1
BUS035,05-01-2024,Salem,Madurai,14:00:00,17:00:00,13,Stormy,1,0,1
BUS033,05-01-2024,Erode,Coimbatore,15:00:00,18:00:00,67,Clear,0,0,1
BUS005,05-01-2024,Tirunelveli,Trichy,16:00:00,19:00:00,22,Rainy,0,1,1
BUS042,05-01-2024,Madurai,Erode,17:00:00,20:00:00,78,Clear,0,0,1
BUS039,05-01-2024,Madurai,Coimbatore,18:00:00,21:00:00,39,Rainy,0,0,1
BUS041,05-01-2024,Madurai,Coimbatore,19:00:00,22:00:00,65,Rainy,0,0,1
BUS028,05-01-2024,Erode,Chennai,20:00:00,23:00:00,72,Cloudy,,0,1
BUS007,05-01-2024,Erode,Salem,21:00:00,00:00:00,57,Stormy,1,1,1
BUS009,05-01-2024,Salem,Trichy,22:00:00,01:00:00,67,Stormy,0,1,1
BUS008,05-01-2024,Chennai,Coimbatore,23:00:00,02:00:00,117,,0,0,1
BUS012,06-01-2024,Salem,Chennai,00:00:00,03:00:00,118,Foggy,0,0,1
BUS034,06-01-2024,Salem,Erode,01:00:00,04:00:00,113,Foggy,0,1,1
BUS033,06-01-2024,Erode,Madurai,02:00:00,05:00:00,115,Clear,0,0,1
BUS048,06-01-2024,Madurai,Tirunelveli,03:00:00,06:00:00,118,Clear,0,0,1
BUS023,06-01-2024,Coimbatore,Tirunelveli,04:00:00,07:00:00,13,Cloudy,0,0,1
BUS024,06-01-2024,Chennai,Trichy,05:00:00,08:00:00,41,Rainy,,1,1
BUS037,06-01-2024,Erode,Coimbatore,06:00:00,09:00:00,110,Clear,0,0,1
BUS035,06-01-2024,Madurai,Tirunelveli,07:00:00,10:00:00,8,Clear,0,0,0
BUS044,06-01-2024,Tirunelveli,Salem,08:00:00,11:00:00,114,Rainy,0,1,1
BUS040,06-01-2024,Coimbatore,Tirunelveli,09:00:00,12:00:00,32,Cloudy,,0,1
BUS022,06-01-2024,Coimbatore,Tirunelveli,10:00:00,13:00:00,47,,1,0,1
BUS027,06-01-2024,Erode,Tirunelveli,11:00:00,14:00:00,55,Cloudy,0,1,1
BUS035,06-01-2024,Trichy,Chennai,12:00:00,15:00:00,30,Stormy,0,0,1
BUS001,06-01-2024,Chennai,Coimbatore,13:00:00,16:00:00,34,Cloudy,0,1,1
BUS035,06-01-2024,Coimbatore,Salem,14:00:00,17:00:00,75,Foggy,1,0,1
BUS037,06-01-2024,Erode,Coimbatore,15:00:00,18:00:00,24,Foggy,0,0,1
BUS047,06-01-2024,Erode,Trichy,16:00:00,19:00:00,3,Cloudy,0,0,0
BUS014,06-01-2024,Madurai,Trichy,17:00:00,20:00:00,58,Foggy,0,0,1
BUS003,06-01-2024,Tirunelveli,Trichy,18:00:00,21:00:00,27,Stormy,0,0,1
BUS001,06-01-2024,Trichy,Erode,19:00:00,22:00:00,,Rainy,1,1,1
BUS005,06-01-2024,Chennai,Tirunelveli,20:00:00,23:00:00,46,Foggy,0,0,1
BUS026,06-01-2024,Salem,Erode,21:00:00,00:00:00,83,Foggy,1,0,1
BUS014,06-01-2024,Tirunelveli,Chennai,22:00:00,01:00:00,8,Cloudy,1,0,0
BUS039,06-01-2024,Tirunelveli,Trichy,23:00:00,02:00:00,69,Stormy,1,1,1
BUS027,07-01-2024,Madurai,Salem,00:00:00,03:00:00,47,Rainy,0,0,1
BUS009,07-01-2024,Coimbatore,Coimbatore,01:00:00,04:00:00,93,Cloudy,0,0,1
BUS015,07-01-2024,Coimbatore,Tirunelveli,02:00:00,05:00:00,99,Cloudy,0,0,1
BUS015,07-01-2024,Madurai,Madurai,03:00:00,06:00:00,53,Stormy,0,0,1
BUS026,07-01-2024,Erode,Salem,04:00:00,07:00:00,72,Rainy,0,0,1
BUS042,07-01-2024,Coimbatore,Tirunelveli,05:00:00,08:00:00,88,Stormy,0,1,1
BUS013,07-01-2024,Trichy,Erode,06:00:00,09:00:00,35,Rainy,0,0,1
BUS032,07-01-2024,Chennai,Erode,07:00:00,10:00:00,,Stormy,0,0,1
BUS039,07-01-2024,Tirunelveli,Salem,08:00:00,11:00:00,,Cloudy,,0,1
BUS049,07-01-2024,Tirunelveli,Erode,09:00:00,12:00:00,62,Cloudy,0,1,1
BUS032,07-01-2024,Trichy,Trichy,10:00:00,13:00:00,,Clear,1,0,1
BUS004,07-01-2024,Coimbatore,Chennai,11:00:00,14:00:00,2,Foggy,0,0,0
BUS030,07-01-2024,Tirunelveli,Coimbatore,12:00:00,15:00:00,-4,,1,0,0
BUS037,07-01-2024,Salem,Chennai,13:00:00,16:00:00,99,Clear,0,0,1
BUS023,07-01-2024,Chennai,Tirunelveli,14:00:00,17:00:00,119,Foggy,0,0,1
BUS039,07-01-2024,Chennai,Coimbatore,15:00:00,18:00:00,104,Stormy,1,0,1
BUS045,07-01-2024,Tirunelveli,Coimbatore,16:00:00,19:00:00,80,Rainy,0,0,1
BUS015,07-01-2024,Madurai,Chennai,17:00:00,20:00:00,,Foggy,1,0,1
BUS043,07-01-2024,Tirunelveli,Salem,18:00:00,21:00:00,114,Cloudy,0,0,1
BUS029,07-01-2024,Madurai,Coimbatore,19:00:00,22:00:00,49,Clear,0,0,1
BUS036,07-01-2024,Tirunelveli,Chennai,20:00:00,23:00:00,10,Foggy,0,0,0
BUS013,07-01-2024,Salem,Coimbatore,21:00:00,00:00:00,87,Foggy,0,1,1
BUS032,07-01-2024,Erode,Madurai,22:00:00,01:00:00,56,Cloudy,0,1,1
BUS007,07-01-2024,Chennai,Salem,23:00:00,02:00:00,107,Stormy,0,1,1
BUS022,08-01-2024,Tirunelveli,Trichy,00:00:00,03:00:00,42,Rainy,0,1,1
BUS028,08-01-2024,Salem,Coimbatore,01:00:00,04:00:00,24,Cloudy,0,1,1
BUS002,08-01-2024,Madurai,Madurai,02:00:00,05:00:00,6,Rainy,1,1,0
BUS042,08-01-2024,Madurai,Trichy,03:00:00,06:00:00,,Stormy,1,0,1
BUS045,08-01-2024,Chennai,Trichy,04:00:00,07:00:00,5,Foggy,0,1,0
BUS006,08-01-2024,Trichy,Tirunelveli,05:00:00,08:00:00,58,Rainy,0,0,1
BUS028,08-01-2024,Tirunelveli,Coimbatore,06:00:00,09:00:00,104,Clear,0,0,1
BUS028,08-01-2024,Coimbatore,Chennai,07:00:00,10:00:00,44,Clear,0,1,1
BUS044,08-01-2024,Madurai,Coimbatore,08:00:00,11:00:00,79,Cloudy,1,0,1
BUS044,08-01-2024,Erode,Madurai,09:00:00,12:00:00,15,Stormy,1,0,1
BUS020,08-01-2024,Erode,Trichy,10:00:00,13:00:00,63,Cloudy,0,1,1
BUS030,08-01-2024,Madurai,Coimbatore,11:00:00,14:00:00,42,Cloudy,0,0,1
BUS011,08-01-2024,Trichy,Chennai,12:00:00,15:00:00,14,Cloudy,0,0,1
BUS028,08-01-2024,Trichy,Tirunelveli,13:00:00,16:00:00,95,Clear,1,1,1
BUS025,08-01-2024,Salem,Coimbatore,14:00:00,17:00:00,61,Clear,0,1,1
BUS039,08-01-2024,Erode,Salem,15:00:00,18:00:00,38,Cloudy,0,0,1
BUS033,08-01-2024,Salem,Tirunelveli,16:00:00,19:00:00,27,Clear,0,0,1
BUS001,08-01-2024,Erode,Chennai,17:00:00,20:00:00,111,Stormy,0,0,1
BUS027,08-01-2024,Tirunelveli,Madurai,18:00:00,21:00:00,119,Cloudy,0,1,1
BUS013,08-01-2024,Tirunelveli,Trichy,19:00:00,22:00:00,67,Clear,1,0,1
BUS041,08-01-2024,Coimbatore,Coimbatore,20:00:00,23:00:00,55,Rainy,0,0,1
BUS003,08-01-2024,Tirunelveli,Chennai,21:00:00,00:00:00,3,Cloudy,0,0,0
BUS039,08-01-2024,Coimbatore,Tirunelveli,22:00:00,01:00:00,,Cloudy,0,0,1
BUS006,08-01-2024,Tirunelveli,Salem,23:00:00,02:00:00,29,Stormy,0,1,1
BUS008,09-01-2024,Chennai,Chennai,00:00:00,03:00:00,75,Foggy,0,0,1
BUS027,09-01-2024,Tirunelveli,Erode,01:00:00,04:00:00,92,Foggy,0,1,1
BUS009,09-01-2024,Salem,Salem,02:00:00,05:00:00,82,Stormy,0,0,1
BUS037,09-01-2024,Madurai,Tirunelveli,03:00:00,06:00:00,90,Stormy,0,1,1
BUS033,09-01-2024,Salem,Madurai,04:00:00,07:00:00,59,Stormy,0,1,1
BUS042,09-01-2024,Madurai,Trichy,05:00:00,08:00:00,2,Foggy,0,0,0
BUS044,09-01-2024,Trichy,Tirunelveli,06:00:00,09:00:00,39,Stormy,1,0,1
BUS024,09-01-2024,Salem,Madurai,07:00:00,10:00:00,81,Clear,0,0,1
BUS015,09-01-2024,Trichy,Coimbatore,08:00:00,11:00:00,41,Cloudy,,1,1
BUS032,09-01-2024,Coimbatore,Chennai,09:00:00,12:00:00,34,Cloudy,0,0,1
BUS032,09-01-2024,Coimbatore,Erode,10:00:00,13:00:00,70,Rainy,0,1,1
BUS024,09-01-2024,Chennai,Salem,11:00:00,14:00:00,48,Rainy,0,1,1
BUS041,09-01-2024,Tirunelveli,Salem,12:00:00,15:00:00,70,Cloudy,0,1,1
BUS049,09-01-2024,Salem,Chennai,13:00:00,16:00:00,40,Clear,0,1,1
BUS049,09-01-2024,Trichy,Erode,14:00:00,17:00:00,41,Foggy,0,0,1
BUS012,09-01-2024,Madurai,Chennai,15:00:00,18:00:00,9,Foggy,0,0,0
BUS039,09-01-2024,Coimbatore,Coimbatore,16:00:00,19:00:00,99,Clear,1,0,1
BUS002,09-01-2024,Tirunelveli,Madurai,17:00:00,20:00:00,13,Foggy,1,1,1
BUS003,09-01-2024,Coimbatore,Tirunelveli,18:00:00,21:00:00,20,Stormy,0,1,1
BUS049,09-01-2024,Madurai,Salem,19:00:00,22:00:00,46,Cloudy,0,1,1
BUS037,09-01-2024,Tirunelveli,Coimbatore,20:00:00,23:00:00,87,Cloudy,1,0,1
BUS049,09-01-2024,Tirunelveli,Madurai,21:00:00,00:00:00,16,Clear,1,0,1
BUS017,09-01-2024,Trichy,Coimbatore,22:00:00,01:00:00,98,Foggy,0,1,1
BUS049,09-01-2024,Trichy,Erode,23:00:00,02:00:00,15,Rainy,0,0,1
BUS002,10-01-2024,Salem,Salem,00:00:00,03:00:00,45,Rainy,0,0,1
BUS002,10-01-2024,Salem,Tirunelveli,01:00:00,04:00:00,32,Foggy,0,1,1
BUS028,10-01-2024,Erode,Chennai,02:00:00,05:00:00,14,Rainy,0,0,1
BUS023,10-01-2024,Erode,Chennai,03:00:00,06:00:00,115,Clear,0,0,1
BUS037,10-01-2024,Chennai,Madurai,04:00:00,07:00:00,23,Clear,0,0,1
BUS032,10-01-2024,Coimbatore,Tirunelveli,05:00:00,08:00:00,,Foggy,0,0,1
BUS033,10-01-2024,Salem,Trichy,06:00:00,09:00:00,-2,Rainy,0,1,0
BUS001,10-01-2024,Trichy,Erode,07:00:00,10:00:00,49,Clear,0,0,1
BUS019,10-01-2024,Madurai,Madurai,08:00:00,11:00:00,65,Clear,0,0,1
BUS002,10-01-2024,Trichy,Trichy,09:00:00,12:00:00,86,Stormy,0,0,1
BUS044,10-01-2024,Coimbatore,Coimbatore,10:00:00,13:00:00,22,Stormy,0,1,1
BUS026,10-01-2024,Erode,Erode,11:00:00,14:00:00,-2,Clear,1,0,0
BUS032,10-01-2024,Trichy,Coimbatore,12:00:00,15:00:00,16,Foggy,0,0,1
BUS006,10-01-2024,Chennai,Tirunelveli,13:00:00,16:00:00,70,Cloudy,0,0,1
BUS032,10-01-2024,Coimbatore,Salem,14:00:00,17:00:00,39,Cloudy,0,0,1
BUS004,10-01-2024,Erode,Erode,15:00:00,18:00:00,61,Clear,0,0,1
BUS011,10-01-2024,Madurai,Trichy,16:00:00,19:00:00,80,Clear,1,1,1
BUS017,10-01-2024,Erode,Salem,17:00:00,20:00:00,102,Clear,0,1,1
BUS038,10-01-2024,Tirunelveli,Chennai,18:00:00,21:00:00,60,Foggy,0,0,1
BUS024,10-01-2024,Chennai,Trichy,19:00:00,22:00:00,,Stormy,0,0,1
BUS005,10-01-2024,Coimbatore,Madurai,20:00:00,23:00:00,28,Clear,0,1,1
BUS034,10-01-2024,Madurai,Chennai,21:00:00,00:00:00,85,Clear,1,0,1
BUS006,10-01-2024,Chennai,Chennai,22:00:00,01:00:00,49,Rainy,1,1,1
BUS022,10-01-2024,Erode,Madurai,23:00:00,02:00:00,99,Foggy,0,0,1
BUS011,11-01-2024,Chennai,Erode,00:00:00,03:00:00,-5,Clear,0,1,0
BUS048,11-01-2024,Coimbatore,Chennai,01:00:00,04:00:00,66,Rainy,1,1,1
BUS016,11-01-2024,Salem,Tirunelveli,02:00:00,05:00:00,81,Cloudy,1,1,1
BUS033,11-01-2024,Chennai,Trichy,03:00:00,06:00:00,32,,0,1,1
BUS009,11-01-2024,Tirunelveli,Salem,04:00:00,07:00:00,0,Clear,0,0,0
BUS006,11-01-2024,Chennai,Chennai,05:00:00,08:00:00,80,Rainy,0,1,1
BUS016,11-01-2024,Erode,Trichy,06:00:00,09:00:00,19,Foggy,1,0,1
BUS029,11-01-2024,Erode,Coimbatore,07:00:00,10:00:00,76,,,0,1
BUS003,11-01-2024,Madurai,Trichy,08:00:00,11:00:00,11,Cloudy,0,1,1
BUS020,11-01-2024,Erode,Salem,09:00:00,12:00:00,55,Clear,,1,1
BUS036,11-01-2024,Trichy,Trichy,10:00:00,13:00:00,6,Cloudy,0,1,0
BUS019,11-01-2024,Coimbatore,Madurai,11:00:00,14:00:00,0,Stormy,0,0,0
BUS026,11-01-2024,Coimbatore,Salem,12:00:00,15:00:00,84,Stormy,0,1,1
BUS003,11-01-2024,Salem,Erode,13:00:00,16:00:00,21,Cloudy,0,1,1
BUS019,11-01-2024,Salem,Coimbatore,14:00:00,17:00:00,2,,0,0,0
BUS020,11-01-2024,Coimbatore,Madurai,15:00:00,18:00:00,77,,0,0,1
BUS032,11-01-2024,Tirunelveli,Erode,16:00:00,19:00:00,118,Clear,0,0,1
BUS007,11-01-2024,Salem,Trichy,17:00:00,20:00:00,100,Stormy,0,0,1
BUS041,11-01-2024,Madurai,Salem,18:00:00,21:00:00,59,Cloudy,1,1,1
BUS033,11-01-2024,Erode,Coimbatore,19:00:00,22:00:00,51,,0,1,1
BUS040,11-01-2024,Coimbatore,Madurai,20:00:00,23:00:00,87,Clear,0,1,1
BUS039,11-01-2024,Salem,Erode,21:00:00,00:00:00,103,Foggy,0,1,1
BUS018,11-01-2024,Coimbatore,Erode,22:00:00,01:00:00,,,0,0,1
BUS040,11-01-2024,Trichy,Coimbatore,23:00:00,02:00:00,93,Stormy,0,1,1
BUS001,12-01-2024,Chennai,Tirunelveli,00:00:00,03:00:00,34,Stormy,0,0,1
BUS011,12-01-2024,Erode,Trichy,01:00:00,04:00:00,8,Rainy,0,1,0
BUS028,12-01-2024,Coimbatore,Coimbatore,02:00:00,05:00:00,29,Clear,0,0,1
BUS025,12-01-2024,Chennai,Erode,03:00:00,06:00:00,42,Foggy,0,1,1
BUS050,12-01-2024,Salem,Chennai,04:00:00,07:00:00,103,Foggy,0,0,1
BUS023,12-01-2024,Chennai,Madurai,05:00:00,08:00:00,78,Stormy,0,0,1
BUS031,12-01-2024,Erode,Coimbatore,06:00:00,09:00:00,50,Foggy,0,1,1
BUS030,12-01-2024,Coimbatore,Tirunelveli,07:00:00,10:00:00,43,Rainy,0,0,1
BUS042,12-01-2024,Trichy,Erode,08:00:00,11:00:00,7,Clear,0,1,0
BUS035,12-01-2024,Tirunelveli,Trichy,09:00:00,12:00:00,55,Rainy,1,0,1
BUS007,12-01-2024,Salem,Erode,10:00:00,13:00:00,96,Cloudy,1,1,1
BUS016,12-01-2024,Coimbatore,Trichy,11:00:00,14:00:00,43,Stormy,0,0,1
BUS026,12-01-2024,Erode,Coimbatore,12:00:00,15:00:00,40,Foggy,0,0,1
BUS048,12-01-2024,Salem,Trichy,13:00:00,16:00:00,107,Cloudy,0,0,1
BUS049,12-01-2024,Madurai,Salem,14:00:00,17:00:00,56,Foggy,0,0,1
BUS002,12-01-2024,Chennai,Salem,15:00:00,18:00:00,2,Clear,0,0,0
BUS001,12-01-2024,Tirunelveli,Salem,16:00:00,19:00:00,37,Clear,1,0,1
BUS048,12-01-2024,Erode,Tirunelveli,17:00:00,20:00:00,14,Clear,0,0,1
BUS012,12-01-2024,Madurai,Tirunelveli,18:00:00,21:00:00,118,Foggy,1,0,1
BUS005,12-01-2024,Coimbatore,Chennai,19:00:00,22:00:00,91,Cloudy,0,0,1
BUS037,12-01-2024,Trichy,Tirunelveli,20:00:00,23:00:00,84,Clear,0,1,1
BUS032,12-01-2024,Salem,Coimbatore,21:00:00,00:00:00,33,Cloudy,0,0,1
BUS009,12-01-2024,Chennai,Erode,22:00:00,01:00:00,79,Foggy,,0,1
BUS041,12-01-2024,Salem,Erode,23:00:00,02:00:00,111,Cloudy,0,1,1
BUS035,13-01-2024,Tirunelveli,Chennai,00:00:00,03:00:00,43,Foggy,0,0,1
BUS019,13-01-2024,Coimbatore,Tirunelveli,01:00:00,04:00:00,58,Foggy,0,1,1
BUS048,13-01-2024,Salem,Trichy,02:00:00,05:00:00,56,Stormy,1,0,1
BUS016,13-01-2024,Chennai,Chennai,03:00:00,06:00:00,100,Foggy,0,0,1
BUS003,13-01-2024,Coimbatore,Trichy,04:00:00,07:00:00,101,Foggy,1,0,1
BUS020,13-01-2024,Salem,Trichy,05:00:00,08:00:00,48,Rainy,1,1,1
BUS024,13-01-2024,Trichy,Madurai,06:00:00,09:00:00,99,Clear,0,1,1
BUS033,13-01-2024,Erode,Erode,07:00:00,10:00:00,3,,,0,0
BUS024,13-01-2024,Coimbatore,Salem,08:00:00,11:00:00,82,Stormy,0,0,1
BUS011,13-01-2024,Erode,Tirunelveli,09:00:00,12:00:00,,Stormy,1,1,1
BUS049,13-01-2024,Coimbatore,Trichy,10:00:00,13:00:00,43,Rainy,0,0,1
BUS008,13-01-2024,Trichy,Madurai,11:00:00,14:00:00,35,Foggy,0,0,1
BUS036,13-01-2024,Erode,Erode,12:00:00,15:00:00,11,Clear,0,1,1
BUS038,13-01-2024,Madurai,Salem,13:00:00,16:00:00,82,Cloudy,0,1,1
BUS040,13-01-2024,Chennai,Trichy,14:00:00,17:00:00,15,Foggy,0,0,1
BUS020,13-01-2024,Madurai,Trichy,15:00:00,18:00:00,,Rainy,0,1,1
BUS035,13-01-2024,Salem,Chennai,16:00:00,19:00:00,,Foggy,0,1,1
BUS048,13-01-2024,Trichy,Chennai,17:00:00,20:00:00,33,Foggy,1,0,1
BUS025,13-01-2024,Madurai,Erode,18:00:00,21:00:00,49,Rainy,0,0,1
BUS035,13-01-2024,Coimbatore,Salem,19:00:00,22:00:00,35,Stormy,1,0,1
BUS025,13-01-2024,Salem,Trichy,20:00:00,23:00:00,33,Stormy,0,1,1
BUS029,13-01-2024,Salem,Erode,21:00:00,00:00:00,,Clear,1,1,0
BUS018,13-01-2024,Madurai,Erode,22:00:00,01:00:00,58,Clear,0,0,1
BUS046,13-01-2024,Madurai,Coimbatore,23:00:00,02:00:00,5,Stormy,0,1,0
BUS018,14-01-2024,Trichy,Tirunelveli,00:00:00,03:00:00,104,Cloudy,0,0,1
BUS002,14-01-2024,Chennai,Chennai,01:00:00,04:00:00,13,Foggy,1,0,1
BUS035,14-01-2024,Madurai,Salem,02:00:00,05:00:00,5,Cloudy,0,0,0
BUS016,14-01-2024,Tirunelveli,Trichy,03:00:00,06:00:00,71,Foggy,1,0,1
BUS041,14-01-2024,Madurai,Erode,04:00:00,07:00:00,40,Stormy,1,1,1
BUS036,14-01-2024,Erode,Trichy,05:00:00,08:00:00,39,Clear,0,0,1
BUS033,14-01-2024,Coimbatore,Coimbatore,06:00:00,09:00:00,-5,Clear,0,1,0
BUS004,14-01-2024,Tirunelveli,Salem,07:00:00,10:00:00,34,Cloudy,0,0,1
BUS033,14-01-2024,Tirunelveli,Erode,08:00:00,11:00:00,102,Clear,0,0,1
BUS014,14-01-2024,Erode,Trichy,09:00:00,12:00:00,13,Stormy,1,1,1
BUS021,14-01-2024,Erode,Chennai,10:00:00,13:00:00,70,Cloudy,0,0,1
BUS048,14-01-2024,Salem,Tirunelveli,11:00:00,14:00:00,66,Foggy,0,0,1
BUS020,14-01-2024,Chennai,Coimbatore,12:00:00,15:00:00,66,Clear,1,0,1
BUS008,14-01-2024,Coimbatore,Salem,13:00:00,16:00:00,55,Rainy,0,1,1
BUS007,14-01-2024,Trichy,Coimbatore,14:00:00,17:00:00,111,Clear,1,0,1
BUS003,14-01-2024,Tirunelveli,Chennai,15:00:00,18:00:00,103,Foggy,,0,1
BUS017,14-01-2024,Trichy,Salem,16:00:00,19:00:00,6,Cloudy,0,0,0
BUS033,14-01-2024,Madurai,Coimbatore,17:00:00,20:00:00,55,Foggy,0,0,1
BUS048,14-01-2024,Madurai,Madurai,18:00:00,21:00:00,106,Rainy,0,1,1
BUS012,14-01-2024,Trichy,Chennai,19:00:00,22:00:00,27,Stormy,0,0,1
BUS022,14-01-2024,Madurai,Chennai,20:00:00,23:00:00,39,Clear,0,0,1
BUS022,14-01-2024,Chennai,Chennai,21:00:00,00:00:00,84,Cloudy,0,0,1
BUS046,14-01-2024,Erode,Madurai,22:00:00,01:00:00,97,Stormy,0,0,1
BUS030,14-01-2024,Madurai,Madurai,23:00:00,02:00:00,86,Foggy,0,1,1
BUS038,15-01-2024,Salem,Trichy,00:00:00,03:00:00,116,Cloudy,0,0,1
BUS038,15-01-2024,Madurai,Erode,01:00:00,04:00:00,63,Stormy,0,1,1
BUS045,15-01-2024,Coimbatore,Tirunelveli,02:00:00,05:00:00,2,Cloudy,0,0,0
BUS008,15-01-2024,Chennai,Coimbatore,03:00:00,06:00:00,,Rainy,0,0,1
BUS027,15-01-2024,Coimbatore,Trichy,04:00:00,07:00:00,85,Rainy,0,1,1
BUS027,15-01-2024,Coimbatore,Coimbatore,05:00:00,08:00:00,40,,0,0,1
BUS034,15-01-2024,Salem,Tirunelveli,06:00:00,09:00:00,81,Clear,0,1,1
BUS021,15-01-2024,Chennai,Erode,07:00:00,10:00:00,24,Rainy,0,1,1
BUS030,15-01-2024,Chennai,Madurai,08:00:00,11:00:00,103,Cloudy,0,0,1
BUS033,15-01-2024,Chennai,Erode,09:00:00,12:00:00,41,Rainy,1,0,1
BUS028,15-01-2024,Chennai,Madurai,10:00:00,13:00:00,81,Clear,0,1,1
BUS047,15-01-2024,Chennai,Tirunelveli,11:00:00,14:00:00,43,Rainy,0,0,1
BUS033,15-01-2024,Salem,Erode,12:00:00,15:00:00,41,Rainy,0,0,1
BUS005,15-01-2024,Madurai,Trichy,13:00:00,16:00:00,78,Cloudy,0,0,1
BUS048,15-01-2024,Coimbatore,Salem,14:00:00,17:00:00,76,Stormy,1,0,1
BUS019,15-01-2024,Chennai,Trichy,15:00:00,18:00:00,12,,0,1,1
BUS004,15-01-2024,Tirunelveli,Coimbatore,16:00:00,19:00:00,60,Cloudy,0,0,1
BUS035,15-01-2024,Madurai,Trichy,17:00:00,20:00:00,62,Rainy,0,0,1
BUS049,15-01-2024,Madurai,Tirunelveli,18:00:00,21:00:00,88,Rainy,0,1,1
BUS017,15-01-2024,Coimbatore,Chennai,19:00:00,22:00:00,27,Stormy,0,0,1
BUS044,15-01-2024,Salem,Coimbatore,20:00:00,23:00:00,30,Clear,0,0,1
BUS028,15-01-2024,Trichy,Erode,21:00:00,00:00:00,76,Clear,0,1,1
BUS030,15-01-2024,Trichy,Coimbatore,22:00:00,01:00:00,95,Foggy,0,0,1
BUS029,15-01-2024,Madurai,Salem,23:00:00,02:00:00,13,Clear,0,1,1
BUS046,16-01-2024,Erode,Madurai,00:00:00,03:00:00,,Stormy,0,1,1
BUS006,16-01-2024,Erode,Erode,01:00:00,04:00:00,22,Foggy,0,0,1
BUS035,16-01-2024,Coimbatore,Coimbatore,02:00:00,05:00:00,,Foggy,0,0,1
BUS041,16-01-2024,Trichy,Erode,03:00:00,06:00:00,78,Rainy,1,0,1
BUS037,16-01-2024,Madurai,Erode,04:00:00,07:00:00,107,Rainy,0,0,1
BUS024,16-01-2024,Salem,Erode,05:00:00,08:00:00,91,Clear,1,1,1
BUS029,16-01-2024,Trichy,Madurai,06:00:00,09:00:00,70,Foggy,0,1,1
BUS049,16-01-2024,Madurai,Tirunelveli,07:00:00,10:00:00,116,Rainy,0,0,1
BUS046,16-01-2024,Madurai,Trichy,08:00:00,11:00:00,109,Stormy,0,1,1
BUS031,16-01-2024,Chennai,Erode,09:00:00,12:00:00,,Rainy,0,1,0
BUS035,16-01-2024,Salem,Chennai,10:00:00,13:00:00,35,Rainy,0,1,1
BUS033,16-01-2024,Chennai,Tirunelveli,11:00:00,14:00:00,33,Foggy,0,0,1
BUS021,16-01-2024,Coimbatore,Salem,12:00:00,15:00:00,-4,Foggy,0,0,0
BUS032,16-01-2024,Chennai,Madurai,13:00:00,16:00:00,57,Cloudy,1,0,1
BUS023,16-01-2024,Tirunelveli,Coimbatore,14:00:00,17:00:00,23,Stormy,0,1,1
BUS033,16-01-2024,Chennai,Madurai,15:00:00,18:00:00,99,Foggy,0,0,1
BUS003,16-01-2024,Tirunelveli,Coimbatore,16:00:00,19:00:00,68,Clear,0,0,1
BUS018,16-01-2024,Trichy,Madurai,17:00:00,20:00:00,60,Stormy,0,0,1
BUS025,16-01-2024,Erode,Coimbatore,18:00:00,21:00:00,45,Stormy,0,0,1
BUS042,16-01-2024,Madurai,Erode,19:00:00,22:00:00,69,Foggy,0,0,1
BUS031,16-01-2024,Tirunelveli,Trichy,20:00:00,23:00:00,71,Stormy,1,1,1
BUS003,16-01-2024,Salem,Coimbatore,21:00:00,00:00:00,4,Foggy,0,0,0
BUS040,16-01-2024,Chennai,Coimbatore,22:00:00,01:00:00,8,Rainy,0,0,0
BUS046,16-01-2024,Tirunelveli,Chennai,23:00:00,02:00:00,76,Cloudy,0,0,1
BUS024,17-01-2024,Salem,Coimbatore,00:00:00,03:00:00,45,Rainy,1,0,1
BUS050,17-01-2024,Erode,Chennai,01:00:00,04:00:00,112,Foggy,0,0,1
BUS032,17-01-2024,Erode,Salem,02:00:00,05:00:00,67,Foggy,0,0,1
BUS047,17-01-2024,Chennai,Erode,03:00:00,06:00:00,115,Rainy,0,0,1
BUS022,17-01-2024,Coimbatore,Chennai,04:00:00,07:00:00,33,Clear,,0,1
BUS023,17-01-2024,Chennai,Trichy,05:00:00,08:00:00,22,Clear,0,0,1
BUS002,17-01-2024,Trichy,Tirunelveli,06:00:00,09:00:00,-3,Clear,0,0,0
BUS027,17-01-2024,Tirunelveli,Erode,07:00:00,10:00:00,78,Foggy,0,1,1
BUS042,17-01-2024,Madurai,Chennai,08:00:00,11:00:00,64,Stormy,0,1,1
BUS002,17-01-2024,Coimbatore,Erode,09:00:00,12:00:00,,Foggy,0,0,1
BUS026,17-01-2024,Chennai,Erode,10:00:00,13:00:00,111,Stormy,0,0,1
BUS017,17-01-2024,Salem,Erode,11:00:00,14:00:00,-4,Rainy,0,1,0
BUS040,17-01-2024,Coimbatore,Salem,12:00:00,15:00:00,87,Cloudy,0,0,1
BUS033,17-01-2024,Tirunelveli,Trichy,13:00:00,16:00:00,32,Stormy,0,1,1
BUS009,17-01-2024,Coimbatore,Madurai,14:00:00,17:00:00,-3,Clear,0,1,0
BUS043,17-01-2024,Tirunelveli,Madurai,15:00:00,18:00:00,10,Foggy,0,0,0
BUS048,17-01-2024,Chennai,Chennai,16:00:00,19:00:00,88,Rainy,1,0,1
BUS039,17-01-2024,Tirunelveli,Erode,17:00:00,20:00:00,34,Clear,1,1,1
BUS029,17-01-2024,Coimbatore,Chennai,18:00:00,21:00:00,-4,Rainy,0,0,0
BUS042,17-01-2024,Salem,Salem,19:00:00,22:00:00,75,Cloudy,0,0,1
BUS026,17-01-2024,Erode,Salem,20:00:00,23:00:00,,Foggy,0,0,1
BUS035,17-01-2024,Coimbatore,Coimbatore,21:00:00,00:00:00,6,Foggy,,0,0
BUS050,17-01-2024,Tirunelveli,Salem,22:00:00,01:00:00,,Cloudy,0,1,1
BUS025,17-01-2024,Erode,Coimbatore,23:00:00,02:00:00,101,Foggy,,1,1
BUS024,18-01-2024,Tirunelveli,Trichy,00:00:00,03:00:00,59,Stormy,0,1,1
BUS013,18-01-2024,Salem,Chennai,01:00:00,04:00:00,49,Rainy,0,0,1
BUS007,18-01-2024,Tirunelveli,Tirunelveli,02:00:00,05:00:00,39,Clear,0,0,1
BUS036,18-01-2024,Chennai,Trichy,03:00:00,06:00:00,73,Cloudy,0,0,1
BUS045,18-01-2024,Madurai,Salem,04:00:00,07:00:00,84,Stormy,0,0,1
BUS020,18-01-2024,Coimbatore,Trichy,05:00:00,08:00:00,95,Clear,0,0,1
BUS001,18-01-2024,Madurai,Trichy,06:00:00,09:00:00,79,Clear,1,1,1
BUS008,18-01-2024,Tirunelveli,Trichy,07:00:00,10:00:00,56,Cloudy,1,1,1
BUS046,18-01-2024,Salem,Salem,08:00:00,11:00:00,43,Stormy,0,0,1
BUS016,18-01-2024,Coimbatore,Tirunelveli,09:00:00,12:00:00,89,Clear,0,1,1
BUS014,18-01-2024,Tirunelveli,Erode,10:00:00,13:00:00,19,Clear,0,0,1
BUS012,18-01-2024,Erode,Trichy,11:00:00,14:00:00,17,Stormy,0,0,1
BUS023,18-01-2024,Trichy,Coimbatore,12:00:00,15:00:00,18,Foggy,0,1,1
BUS015,18-01-2024,Tirunelveli,Salem,13:00:00,16:00:00,115,Clear,0,0,1
BUS028,18-01-2024,Madurai,Trichy,14:00:00,17:00:00,32,Rainy,0,1,1
BUS034,18-01-2024,Coimbatore,Tirunelveli,15:00:00,18:00:00,22,,0,1,1
BUS002,18-01-2024,Madurai,Erode,16:00:00,19:00:00,15,Clear,0,0,1
BUS032,18-01-2024,Coimbatore,Salem,17:00:00,20:00:00,48,Cloudy,0,1,1
BUS023,18-01-2024,Tirunelveli,Madurai,18:00:00,21:00:00,101,Rainy,0,0,1
BUS022,18-01-2024,Chennai,Erode,19:00:00,22:00:00,12,Clear,0,0,1
BUS025,18-01-2024,Erode,Coimbatore,20:00:00,23:00:00,30,Rainy,1,0,1
BUS022,18-01-2024,Tirunelveli,Trichy,21:00:00,00:00:00,93,Rainy,0,0,1
BUS022,18-01-2024,Madurai,Tirunelveli,22:00:00,01:00:00,39,Foggy,0,1,1
BUS049,18-01-2024,Trichy,Madurai,23:00:00,02:00:00,,,1,0,1
BUS042,19-01-2024,Trichy,Tirunelveli,00:00:00,03:00:00,67,Foggy,1,1,1
BUS006,19-01-2024,Salem,Madurai,01:00:00,04:00:00,47,Stormy,0,0,1
BUS015,19-01-2024,Coimbatore,Salem,02:00:00,05:00:00,96,Foggy,1,0,1
BUS043,19-01-2024,Madurai,Madurai,03:00:00,06:00:00,116,Cloudy,0,1,1
BUS037,19-01-2024,Salem,Coimbatore,04:00:00,07:00:00,24,Clear,0,0,1
BUS033,19-01-2024,Madurai,Coimbatore,05:00:00,08:00:00,,Stormy,0,0,1
BUS008,19-01-2024,Coimbatore,Chennai,06:00:00,09:00:00,102,Stormy,0,0,1
BUS044,19-01-2024,Tirunelveli,Coimbatore,07:00:00,10:00:00,92,Cloudy,0,0,1
BUS044,19-01-2024,Tirunelveli,Erode,08:00:00,11:00:00,26,Foggy,0,0,1
BUS005,19-01-2024,Trichy,Madurai,09:00:00,12:00:00,61,Clear,0,1,1
BUS039,19-01-2024,Tirunelveli,Coimbatore,10:00:00,13:00:00,61,Foggy,0,0,1
BUS004,19-01-2024,Tirunelveli,Salem,11:00:00,14:00:00,22,Rainy,0,0,1
BUS006,19-01-2024,Chennai,Tirunelveli,12:00:00,15:00:00,38,Foggy,0,1,1
BUS045,19-01-2024,Trichy,Tirunelveli,13:00:00,16:00:00,73,Stormy,0,0,1
BUS032,19-01-2024,Salem,Chennai,14:00:00,17:00:00,35,Clear,0,1,1
BUS030,19-01-2024,Erode,Tirunelveli,15:00:00,18:00:00,57,Foggy,0,0,1
BUS047,19-01-2024,Chennai,Madurai,16:00:00,19:00:00,17,Clear,1,0,1
BUS035,19-01-2024,Salem,Chennai,17:00:00,20:00:00,98,Clear,0,1,1
BUS040,19-01-2024,Coimbatore,Madurai,18:00:00,21:00:00,69,Rainy,,0,1
BUS016,19-01-2024,Chennai,Salem,19:00:00,22:00:00,42,Rainy,0,1,1
BUS013,19-01-2024,Salem,Chennai,20:00:00,23:00:00,26,Stormy,0,0,1
BUS050,19-01-2024,Coimbatore,Trichy,21:00:00,00:00:00,116,Cloudy,0,0,1
BUS042,19-01-2024,Trichy,Erode,22:00:00,01:00:00,117,Clear,0,0,1
BUS030,19-01-2024,Erode,Erode,23:00:00,02:00:00,51,Cloudy,0,0,1
BUS019,20-01-2024,Coimbatore,Madurai,00:00:00,03:00:00,112,Stormy,,1,1
BUS017,20-01-2024,Tirunelveli,Tirunelveli,01:00:00,04:00:00,94,Clear,1,0,1
BUS019,20-01-2024,Madurai,Trichy,02:00:00,05:00:00,118,Clear,0,1,1
BUS028,20-01-2024,Coimbatore,Chennai,03:00:00,06:00:00,,Cloudy,0,1,1
BUS026,20-01-2024,Coimbatore,Trichy,04:00:00,07:00:00,18,Foggy,1,0,1
BUS037,20-01-2024,Erode,Trichy,05:00:00,08:00:00,33,Rainy,,0,1
BUS026,20-01-2024,Madurai,Tirunelveli,06:00:00,09:00:00,28,Foggy,0,1,1
BUS023,20-01-2024,Tirunelveli,Chennai,07:00:00,10:00:00,50,Cloudy,0,1,1
BUS009,20-01-2024,Salem,Salem,08:00:00,11:00:00,22,Rainy,0,0,1
BUS012,20-01-2024,Salem,Tirunelveli,09:00:00,12:00:00,31,Foggy,0,0,1
BUS001,20-01-2024,Coimbatore,Trichy,10:00:00,13:00:00,1,Rainy,0,0,0
BUS001,20-01-2024,Madurai,Trichy,11:00:00,14:00:00,62,Clear,0,1,1
BUS047,20-01-2024,Madurai,Salem,12:00:00,15:00:00,31,Foggy,0,0,1
BUS034,20-01-2024,Tirunelveli,Trichy,13:00:00,16:00:00,50,Rainy,0,1,1
BUS032,20-01-2024,Erode,Trichy,14:00:00,17:00:00,59,Rainy,0,0,1
BUS048,20-01-2024,Trichy,Trichy,15:00:00,18:00:00,59,Rainy,0,0,1
BUS025,20-01-2024,Salem,Erode,16:00:00,19:00:00,41,Foggy,1,0,1
BUS040,20-01-2024,Erode,Tirunelveli,17:00:00,20:00:00,14,Stormy,0,0,1
BUS045,20-01-2024,Chennai,Coimbatore,18:00:00,21:00:00,13,Foggy,0,0,1
BUS001,20-01-2024,Salem,Tirunelveli,19:00:00,22:00:00,23,Cloudy,0,0,1
BUS016,20-01-2024,Erode,Salem,20:00:00,23:00:00,68,Foggy,0,0,1
BUS039,20-01-2024,Salem,Trichy,21:00:00,00:00:00,54,,0,0,1
BUS005,20-01-2024,Trichy,Tirunelveli,22:00:00,01:00:00,12,Clear,0,0,1
BUS022,20-01-2024,Chennai,Erode,23:00:00,02:00:00,86,Foggy,1,1,1
BUS029,21-01-2024,Trichy,Salem,00:00:00,03:00:00,29,Foggy,1,0,1
BUS003,21-01-2024,Tirunelveli,Madurai,01:00:00,04:00:00,37,,0,0,1
BUS012,21-01-2024,Chennai,Tirunelveli,02:00:00,05:00:00,,Clear,0,0,1
BUS026,21-01-2024,Coimbatore,Madurai,03:00:00,06:00:00,89,Clear,,1,1
BUS016,21-01-2024,Erode,Trichy,04:00:00,07:00:00,85,Cloudy,0,0,1
BUS037,21-01-2024,Chennai,Erode,05:00:00,08:00:00,5,Foggy,0,1,0
BUS022,21-01-2024,Tirunelveli,Erode,06:00:00,09:00:00,43,Clear,0,1,1
BUS029,21-01-2024,Tirunelveli,Tirunelveli,07:00:00,10:00:00,107,Clear,0,1,1
BUS014,21-01-2024,Trichy,Salem,08:00:00,11:00:00,32,Stormy,0,0,1
BUS028,21-01-2024,Salem,Salem,09:00:00,12:00:00,58,Stormy,0,1,1
BUS005,21-01-2024,Chennai,Erode,10:00:00,13:00:00,63,Clear,1,0,1
BUS047,21-01-2024,Erode,Salem,11:00:00,14:00:00,2,Cloudy,0,0,0
BUS049,21-01-2024,Chennai,Erode,12:00:00,15:00:00,28,Clear,0,1,1
BUS030,21-01-2024,Madurai,Tirunelveli,13:00:00,16:00:00,42,Rainy,0,0,1
BUS046,21-01-2024,Salem,Coimbatore,14:00:00,17:00:00,110,Foggy,0,1,1
BUS005,21-01-2024,Erode,Erode,15:00:00,18:00:00,50,Cloudy,0,0,1
BUS012,21-01-2024,Erode,Madurai,16:00:00,19:00:00,70,,0,1,1
BUS016,21-01-2024,Coimbatore,Salem,17:00:00,20:00:00,96,Cloudy,0,0,1
BUS026,21-01-2024,Trichy,Erode,18:00:00,21:00:00,59,Rainy,0,0,1
BUS026,21-01-2024,Coimbatore,Erode,19:00:00,22:00:00,25,Foggy,0,0,1
BUS048,21-01-2024,Erode,Tirunelveli,20:00:00,23:00:00,-2,Foggy,0,1,0
BUS021,21-01-2024,Salem,Salem,21:00:00,00:00:00,107,,0,0,1
BUS039,21-01-2024,Chennai,Coimbatore,22:00:00,01:00:00,103,Rainy,1,0,1
BUS036,21-01-2024,Chennai,Tirunelveli,23:00:00,02:00:00,44,Stormy,0,0,1
BUS033,22-01-2024,Salem,Coimbatore,00:00:00,03:00:00,63,,0,1,1
BUS030,22-01-2024,Erode,Tirunelveli,01:00:00,04:00:00,24,Stormy,0,0,1
BUS037,22-01-2024,Tirunelveli,Salem,02:00:00,05:00:00,114,Foggy,1,0,1
BUS023,22-01-2024,Chennai,Chennai,03:00:00,06:00:00,82,Cloudy,0,0,1
BUS010,22-01-2024,Tirunelveli,Salem,04:00:00,07:00:00,53,Stormy,0,0,1
BUS005,22-01-2024,Chennai,Salem,05:00:00,08:00:00,61,Rainy,0,0,1
BUS036,22-01-2024,Chennai,Coimbatore,06:00:00,09:00:00,69,Rainy,0,0,1
BUS034,22-01-2024,Trichy,Coimbatore,07:00:00,10:00:00,39,Foggy,0,1,1
BUS031,22-01-2024,Trichy,Salem,08:00:00,11:00:00,-2,Rainy,0,0,0
BUS010,22-01-2024,Madurai,Salem,09:00:00,12:00:00,20,Clear,1,0,1
BUS019,22-01-2024,Coimbatore,Salem,10:00:00,13:00:00,21,Cloudy,0,0,1
BUS032,22-01-2024,Salem,Coimbatore,11:00:00,14:00:00,40,Stormy,0,1,1
BUS001,22-01-2024,Salem,Salem,12:00:00,15:00:00,,Cloudy,0,1,1
BUS005,22-01-2024,Salem,Salem,13:00:00,16:00:00,101,Foggy,,1,1
BUS045,22-01-2024,Madurai,Trichy,14:00:00,17:00:00,58,Stormy,1,0,1
BUS004,22-01-2024,Trichy,Chennai,15:00:00,18:00:00,85,Stormy,0,0,1
BUS016,22-01-2024,Erode,Madurai,16:00:00,19:00:00,100,Clear,0,0,1
BUS024,22-01-2024,Tirunelveli,Chennai,17:00:00,20:00:00,,Foggy,0,0,1
BUS016,22-01-2024,Tirunelveli,Trichy,18:00:00,21:00:00,44,Rainy,,0,1
BUS002,22-01-2024,Erode,Madurai,19:00:00,22:00:00,0,Clear,0,1,0
BUS049,22-01-2024,Madurai,Tirunelveli,20:00:00,23:00:00,,Clear,0,1,1
BUS028,22-01-2024,Erode,Salem,21:00:00,00:00:00,119,,1,1,1
BUS032,22-01-2024,Salem,Trichy,22:00:00,01:00:00,9,Cloudy,1,0,0
BUS027,22-01-2024,Coimbatore,Tirunelveli,23:00:00,02:00:00,111,Cloudy,0,1,1
BUS020,23-01-2024,Chennai,Salem,00:00:00,03:00:00,24,Clear,1,0,1
BUS024,23-01-2024,Tirunelveli,Coimbatore,01:00:00,04:00:00,,Rainy,0,0,1
BUS012,23-01-2024,Trichy,Erode,02:00:00,05:00:00,95,Stormy,0,1,1
BUS050,23-01-2024,Trichy,Trichy,03:00:00,06:00:00,116,Cloudy,0,0,1
BUS035,23-01-2024,Madurai,Coimbatore,04:00:00,07:00:00,119,Rainy,0,0,1
BUS033,23-01-2024,Trichy,Trichy,05:00:00,08:00:00,31,Foggy,0,0,1
BUS033,23-01-2024,Salem,Trichy,06:00:00,09:00:00,36,Cloudy,0,1,1
BUS043,23-01-2024,Tirunelveli,Coimbatore,07:00:00,10:00:00,118,Stormy,0,1,1
BUS037,23-01-2024,Erode,Madurai,08:00:00,11:00:00,95,Foggy,0,0,1
BUS012,23-01-2024,Salem,Chennai,09:00:00,12:00:00,29,Foggy,0,1,1
BUS003,23-01-2024,Madurai,Salem,10:00:00,13:00:00,81,Stormy,0,0,1
BUS001,23-01-2024,Salem,Trichy,11:00:00,14:00:00,0,Cloudy,0,0,0
BUS033,23-01-2024,Erode,Salem,12:00:00,15:00:00,62,Clear,0,1,1
BUS040,23-01-2024,Coimbatore,Erode,13:00:00,16:00:00,,Stormy,0,1,1
BUS010,23-01-2024,Madurai,Coimbatore,14:00:00,17:00:00,118,Stormy,0,1,1
BUS043,23-01-2024,Coimbatore,Salem,15:00:00,18:00:00,67,Stormy,1,0,1
BUS044,23-01-2024,Chennai,Coimbatore,16:00:00,19:00:00,107,Foggy,0,1,1
BUS029,23-01-2024,Coimbatore,Salem,17:00:00,20:00:00,23,Rainy,0,1,1
BUS013,23-01-2024,Chennai,Chennai,18:00:00,21:00:00,71,Clear,1,1,1
BUS012,23-01-2024,Chennai,Chennai,19:00:00,22:00:00,53,Cloudy,0,0,1
BUS031,23-01-2024,Coimbatore,Chennai,20:00:00,23:00:00,41,Cloudy,0,1,1
BUS046,23-01-2024,Madurai,Chennai,21:00:00,00:00:00,110,Rainy,0,0,1
BUS002,23-01-2024,Erode,Chennai,22:00:00,01:00:00,11,Stormy,1,0,1
BUS050,23-01-2024,Salem,Chennai,23:00:00,02:00:00,103,Clear,0,0,1
BUS035,24-01-2024,Salem,Coimbatore,00:00:00,03:00:00,90,Cloudy,0,0,1
BUS023,24-01-2024,Erode,Trichy,01:00:00,04:00:00,106,Cloudy,0,0,1
BUS017,24-01-2024,Tirunelveli,Salem,02:00:00,05:00:00,16,Stormy,0,1,1
BUS026,24-01-2024,Tirunelveli,Chennai,03:00:00,06:00:00,62,Rainy,0,0,1
BUS008,24-01-2024,Chennai,Coimbatore,04:00:00,07:00:00,63,Clear,0,1,1
BUS029,24-01-2024,Chennai,Coimbatore,05:00:00,08:00:00,31,Rainy,0,0,1
BUS026,24-01-2024,Madurai,Coimbatore,06:00:00,09:00:00,99,Rainy,1,0,1
BUS010,24-01-2024,Trichy,Trichy,07:00:00,10:00:00,43,Clear,0,0,1
BUS026,24-01-2024,Coimbatore,Salem,08:00:00,11:00:00,7,Clear,0,0,0
BUS034,24-01-2024,Chennai,Trichy,09:00:00,12:00:00,28,Cloudy,1,0,1
BUS041,24-01-2024,Salem,Madurai,10:00:00,13:00:00,103,Cloudy,0,0,1
BUS007,24-01-2024,Madurai,Tirunelveli,11:00:00,14:00:00,80,Clear,0,0,1
BUS004,24-01-2024,Coimbatore,Coimbatore,12:00:00,15:00:00,47,Foggy,0,0,1
BUS050,24-01-2024,Madurai,Madurai,13:00:00,16:00:00,117,Cloudy,1,0,1
BUS045,24-01-2024,Coimbatore,Erode,14:00:00,17:00:00,81,Foggy,0,0,1
BUS011,24-01-2024,Coimbatore,Chennai,15:00:00,18:00:00,45,Clear,0,0,1
BUS029,24-01-2024,Erode,Tirunelveli,16:00:00,19:00:00,-3,Cloudy,1,1,0
BUS036,24-01-2024,Chennai,Chennai,17:00:00,20:00:00,36,Rainy,0,1,1
BUS025,24-01-2024,Madurai,Trichy,18:00:00,21:00:00,92,,1,1,1
BUS021,24-01-2024,Madurai,Tirunelveli,19:00:00,22:00:00,26,Stormy,1,0,1
BUS036,24-01-2024,Erode,Salem,20:00:00,23:00:00,103,Foggy,0,1,1
BUS010,24-01-2024,Salem,Madurai,21:00:00,00:00:00,45,Clear,0,1,1
BUS037,24-01-2024,Salem,Salem,22:00:00,01:00:00,116,Clear,0,1,1
BUS009,24-01-2024,Tirunelveli,Trichy,23:00:00,02:00:00,107,Cloudy,0,0,1
BUS024,25-01-2024,Chennai,Chennai,00:00:00,03:00:00,79,Cloudy,0,1,1
BUS035,25-01-2024,Chennai,Tirunelveli,01:00:00,04:00:00,40,Cloudy,0,1,1
BUS049,25-01-2024,Trichy,Salem,02:00:00,05:00:00,102,Stormy,1,0,1
BUS035,25-01-2024,Erode,Salem,03:00:00,06:00:00,15,,0,1,1
BUS048,25-01-2024,Salem,Chennai,04:00:00,07:00:00,38,Clear,0,0,1
BUS036,25-01-2024,Coimbatore,Tirunelveli,05:00:00,08:00:00,5,Cloudy,1,0,0
BUS018,25-01-2024,Madurai,Madurai,06:00:00,09:00:00,97,Rainy,1,0,1
BUS049,25-01-2024,Chennai,Chennai,07:00:00,10:00:00,,Cloudy,0,1,1
BUS039,25-01-2024,Madurai,Salem,08:00:00,11:00:00,109,Stormy,1,0,1
BUS032,25-01-2024,Madurai,Madurai,09:00:00,12:00:00,-5,Rainy,0,0,0
BUS024,25-01-2024,Trichy,Madurai,10:00:00,13:00:00,86,,1,0,1
BUS023,25-01-2024,Salem,Chennai,11:00:00,14:00:00,57,Clear,0,0,1
BUS032,25-01-2024,Chennai,Salem,12:00:00,15:00:00,18,Foggy,0,0,1
BUS037,25-01-2024,Madurai,Trichy,13:00:00,16:00:00,119,Rainy,0,1,1
BUS012,25-01-2024,Chennai,Salem,14:00:00,17:00:00,93,Foggy,0,1,1
BUS049,25-01-2024,Coimbatore,Coimbatore,15:00:00,18:00:00,7,Rainy,0,0,0
BUS013,25-01-2024,Trichy,Tirunelveli,16:00:00,19:00:00,105,Rainy,0,0,1
BUS023,25-01-2024,Coimbatore,Erode,17:00:00,20:00:00,92,Stormy,0,0,1
BUS025,25-01-2024,Chennai,Trichy,18:00:00,21:00:00,5,Foggy,1,1,0
BUS035,25-01-2024,Tirunelveli,Madurai,19:00:00,22:00:00,94,Stormy,0,0,1
BUS041,25-01-2024,Chennai,Trichy,20:00:00,23:00:00,45,Rainy,0,0,1
BUS030,25-01-2024,Salem,Tirunelveli,21:00:00,00:00:00,119,Clear,0,0,1
BUS017,25-01-2024,Madurai,Madurai,22:00:00,01:00:00,11,Rainy,0,1,1
BUS049,25-01-2024,Madurai,Tirunelveli,23:00:00,02:00:00,93,,1,1,1
BUS020,26-01-2024,Coimbatore,Madurai,00:00:00,03:00:00,118,Foggy,1,1,1
BUS048,26-01-2024,Trichy,Trichy,01:00:00,04:00:00,76,Foggy,0,1,1
BUS025,26-01-2024,Tirunelveli,Madurai,02:00:00,05:00:00,98,Stormy,0,0,1
BUS022,26-01-2024,Erode,Madurai,03:00:00,06:00:00,80,Foggy,0,0,1
BUS013,26-01-2024,Madurai,Coimbatore,04:00:00,07:00:00,115,Cloudy,0,0,1
BUS019,26-01-2024,Salem,Salem,05:00:00,08:00:00,18,Clear,1,0,1
BUS049,26-01-2024,Coimbatore,Salem,06:00:00,09:00:00,116,Clear,0,0,1
BUS036,26-01-2024,Coimbatore,Erode,07:00:00,10:00:00,13,Clear,0,0,1
BUS012,26-01-2024,Erode,Erode,08:00:00,11:00:00,,Foggy,0,0,1
BUS041,26-01-2024,Salem,Coimbatore,09:00:00,12:00:00,97,Foggy,0,1,1
BUS019,26-01-2024,Trichy,Erode,10:00:00,13:00:00,79,Rainy,1,1,1
BUS012,26-01-2024,Salem,Tirunelveli,11:00:00,14:00:00,2,Rainy,0,1,0
BUS009,26-01-2024,Trichy,Trichy,12:00:00,15:00:00,,Clear,,1,1
BUS007,26-01-2024,Salem,Chennai,13:00:00,16:00:00,-1,Cloudy,0,0,0
BUS028,26-01-2024,Salem,Tirunelveli,14:00:00,17:00:00,11,Rainy,0,1,1
BUS014,26-01-2024,Chennai,Chennai,15:00:00,18:00:00,95,Rainy,0,0,1
BUS031,26-01-2024,Coimbatore,Chennai,16:00:00,19:00:00,30,Foggy,0,1,1
BUS019,26-01-2024,Salem,Coimbatore,17:00:00,20:00:00,112,Cloudy,0,0,1
BUS047,26-01-2024,Erode,Tirunelveli,18:00:00,21:00:00,13,Clear,0,1,1
BUS016,26-01-2024,Salem,Coimbatore,19:00:00,22:00:00,58,Rainy,0,0,1
BUS005,26-01-2024,Madurai,Madurai,20:00:00,23:00:00,85,Cloudy,0,0,1
BUS035,26-01-2024,Coimbatore,Chennai,21:00:00,00:00:00,111,Cloudy,0,1,1
BUS012,26-01-2024,Madurai,Trichy,22:00:00,01:00:00,92,Clear,0,0,1
BUS025,26-01-2024,Coimbatore,Erode,23:00:00,02:00:00,5,Cloudy,0,1,0
BUS021,27-01-2024,Madurai,Trichy,00:00:00,03:00:00,48,Cloudy,0,1,1
BUS036,27-01-2024,Salem,Erode,01:00:00,04:00:00,39,Cloudy,0,1,1
BUS023,27-01-2024,Salem,Chennai,02:00:00,05:00:00,41,Rainy,0,1,1
BUS016,27-01-2024,Chennai,Chennai,03:00:00,06:00:00,6,Clear,0,1,0
BUS039,27-01-2024,Erode,Chennai,04:00:00,07:00:00,112,Cloudy,0,0,1
BUS045,27-01-2024,Madurai,Coimbatore,05:00:00,08:00:00,15,Cloudy,0,1,1
BUS042,27-01-2024,Trichy,Tirunelveli,06:00:00,09:00:00,112,Rainy,0,1,1
BUS039,27-01-2024,Chennai,Erode,07:00:00,10:00:00,5,,0,1,0
BUS014,27-01-2024,Madurai,Tirunelveli,08:00:00,11:00:00,97,Foggy,0,0,1
BUS031,27-01-2024,Madurai,Coimbatore,09:00:00,12:00:00,86,Rainy,0,1,1
BUS005,27-01-2024,Chennai,Coimbatore,10:00:00,13:00:00,-1,Clear,1,1,0
BUS035,27-01-2024,Salem,Salem,11:00:00,14:00:00,75,Cloudy,0,1,1
BUS023,27-01-2024,Madurai,Trichy,12:00:00,15:00:00,50,Clear,0,0,1
BUS029,27-01-2024,Salem,Trichy,13:00:00,16:00:00,14,Clear,0,0,1
BUS043,27-01-2024,Chennai,Madurai,14:00:00,17:00:00,35,Clear,0,0,1
BUS011,27-01-2024,Salem,Coimbatore,15:00:00,18:00:00,40,Foggy,0,1,1
BUS018,27-01-2024,Coimbatore,Erode,16:00:00,19:00:00,116,Clear,0,1,1
BUS047,27-01-2024,Trichy,Salem,17:00:00,20:00:00,6,Foggy,1,0,0
BUS012,27-01-2024,Tirunelveli,Salem,18:00:00,21:00:00,64,Cloudy,0,0,1
BUS009,27-01-2024,Madurai,Tirunelveli,19:00:00,22:00:00,11,Foggy,1,0,1
BUS010,27-01-2024,Erode,Trichy,20:00:00,23:00:00,109,Cloudy,0,0,1
BUS044,27-01-2024,Trichy,Coimbatore,21:00:00,00:00:00,13,Cloudy,0,1,1
BUS017,27-01-2024,Tirunelveli,Madurai,22:00:00,01:00:00,20,Foggy,0,1,1
BUS038,27-01-2024,Salem,Coimbatore,23:00:00,02:00:00,42,Rainy,0,0,1
BUS007,28-01-2024,Madurai,Tirunelveli,00:00:00,03:00:00,102,Stormy,0,0,1
BUS046,28-01-2024,Salem,Chennai,01:00:00,04:00:00,102,Clear,0,0,1
BUS013,28-01-2024,Coimbatore,Coimbatore,02:00:00,05:00:00,46,Stormy,0,1,1
BUS040,28-01-2024,Chennai,Tirunelveli,03:00:00,06:00:00,90,Clear,1,0,1
BUS042,28-01-2024,Madurai,Chennai,04:00:00,07:00:00,64,Clear,1,0,1
BUS009,28-01-2024,Tirunelveli,Chennai,05:00:00,08:00:00,49,Cloudy,0,0,1
BUS050,28-01-2024,Tirunelveli,Madurai,06:00:00,09:00:00,,Clear,0,1,1
BUS027,28-01-2024,Coimbatore,Erode,07:00:00,10:00:00,94,Clear,0,1,1
BUS002,28-01-2024,Coimbatore,Trichy,08:00:00,11:00:00,96,Foggy,0,1,1
BUS005,28-01-2024,Madurai,Coimbatore,09:00:00,12:00:00,69,Stormy,0,0,1
BUS029,28-01-2024,Salem,Chennai,10:00:00,13:00:00,27,Foggy,0,0,1
BUS037,28-01-2024,Erode,Coimbatore,11:00:00,14:00:00,56,Clear,0,0,1
BUS038,28-01-2024,Tirunelveli,Erode,12:00:00,15:00:00,82,Cloudy,0,1,1
BUS019,28-01-2024,Tirunelveli,Trichy,13:00:00,16:00:00,17,Foggy,1,0,1
BUS008,28-01-2024,Coimbatore,Erode,14:00:00,17:00:00,9,Foggy,0,0,0
BUS048,28-01-2024,Trichy,Trichy,15:00:00,18:00:00,21,Rainy,,1,1
BUS045,28-01-2024,Coimbatore,Salem,16:00:00,19:00:00,69,Clear,0,1,1
BUS001,28-01-2024,Erode,Trichy,17:00:00,20:00:00,58,Cloudy,0,0,1
BUS022,28-01-2024,Salem,Madurai,18:00:00,21:00:00,115,Foggy,0,0,1
BUS017,28-01-2024,Salem,Erode,19:00:00,22:00:00,109,Foggy,0,0,1
BUS007,28-01-2024,Trichy,Chennai,20:00:00,23:00:00,108,Cloudy,0,1,1
BUS025,28-01-2024,Tirunelveli,Salem,21:00:00,00:00:00,75,Clear,0,1,1
BUS045,28-01-2024,Coimbatore,Madurai,22:00:00,01:00:00,45,Rainy,0,0,1
BUS004,28-01-2024,Salem,Coimbatore,23:00:00,02:00:00,47,Foggy,0,0,1
BUS036,29-01-2024,Erode,Erode,00:00:00,03:00:00,72,Rainy,0,1,1
BUS006,29-01-2024,Madurai,Tirunelveli,01:00:00,04:00:00,85,Stormy,0,1,1
BUS031,29-01-2024,Chennai,Tirunelveli,02:00:00,05:00:00,76,Clear,0,0,1
BUS019,29-01-2024,Chennai,Chennai,03:00:00,06:00:00,86,Stormy,0,0,1
BUS044,29-01-2024,Chennai,Trichy,04:00:00,07:00:00,45,Stormy,0,0,1
BUS039,29-01-2024,Tirunelveli,Chennai,05:00:00,08:00:00,41,Stormy,0,0,1
BUS027,29-01-2024,Coimbatore,Tirunelveli,06:00:00,09:00:00,105,Clear,1,1,1
BUS010,29-01-2024,Trichy,Coimbatore,07:00:00,10:00:00,-2,,0,1,0
BUS026,29-01-2024,Salem,Salem,08:00:00,11:00:00,1,Cloudy,0,1,0
BUS019,29-01-2024,Madurai,Salem,09:00:00,12:00:00,103,Rainy,0,0,1
BUS039,29-01-2024,Erode,Erode,10:00:00,13:00:00,29,Rainy,0,1,1
BUS003,29-01-2024,Madurai,Salem,11:00:00,14:00:00,42,Cloudy,0,0,1
BUS045,29-01-2024,Erode,Erode,12:00:00,15:00:00,67,Cloudy,0,0,1
BUS013,29-01-2024,Tirunelveli,Erode,13:00:00,16:00:00,66,Stormy,0,0,1
BUS050,29-01-2024,Coimbatore,Erode,14:00:00,17:00:00,110,Cloudy,0,0,1
BUS028,29-01-2024,Chennai,Tirunelveli,15:00:00,18:00:00,39,Foggy,0,1,1
BUS020,29-01-2024,Coimbatore,Tirunelveli,16:00:00,19:00:00,75,Rainy,0,0,1
BUS028,29-01-2024,Tirunelveli,Trichy,17:00:00,20:00:00,75,Cloudy,0,0,1
BUS008,29-01-2024,Trichy,Madurai,18:00:00,21:00:00,107,Foggy,1,0,1
BUS041,29-01-2024,Trichy,Erode,19:00:00,22:00:00,91,Foggy,0,0,1
BUS039,29-01-2024,Tirunelveli,Erode,20:00:00,23:00:00,90,,0,0,1
BUS001,29-01-2024,Erode,Madurai,21:00:00,00:00:00,66,Foggy,0,0,1
BUS003,29-01-2024,Salem,Chennai,22:00:00,01:00:00,13,Stormy,0,1,1
BUS013,29-01-2024,Salem,Erode,23:00:00,02:00:00,57,Foggy,1,0,1
BUS028,30-01-2024,Erode,Trichy,00:00:00,03:00:00,32,Stormy,0,0,1
BUS049,30-01-2024,Trichy,Salem,01:00:00,04:00:00,61,Stormy,1,0,1
BUS025,30-01-2024,Trichy,Salem,02:00:00,05:00:00,53,Foggy,1,1,1
BUS033,30-01-2024,Trichy,Coimbatore,03:00:00,06:00:00,63,Rainy,0,0,1
BUS038,30-01-2024,Coimbatore,Coimbatore,04:00:00,07:00:00,7,Foggy,,0,0
BUS006,30-01-2024,Trichy,Salem,05:00:00,08:00:00,41,Foggy,,0,1
BUS044,30-01-2024,Madurai,Salem,06:00:00,09:00:00,104,Foggy,1,0,1
BUS045,30-01-2024,Chennai,Tirunelveli,07:00:00,10:00:00,55,Rainy,0,0,1
BUS032,30-01-2024,Trichy,Trichy,08:00:00,11:00:00,25,Clear,0,1,1
BUS045,30-01-2024,Erode,Madurai,09:00:00,12:00:00,113,Clear,0,1,1
BUS047,30-01-2024,Chennai,Coimbatore,10:00:00,13:00:00,74,Stormy,0,0,1
BUS021,30-01-2024,Coimbatore,Tirunelveli,11:00:00,14:00:00,108,Stormy,0,1,1
BUS016,30-01-2024,Erode,Tirunelveli,12:00:00,15:00:00,90,Rainy,0,1,1
BUS021,30-01-2024,Chennai,Madurai,13:00:00,16:00:00,16,Cloudy,1,0,1
BUS011,30-01-2024,Erode,Tirunelveli,14:00:00,17:00:00,87,Clear,1,0,1
BUS037,30-01-2024,Coimbatore,Trichy,15:00:00,18:00:00,80,Stormy,1,0,1
BUS036,30-01-2024,Madurai,Salem,16:00:00,19:00:00,37,Clear,0,0,1
BUS035,30-01-2024,Coimbatore,Erode,17:00:00,20:00:00,61,Rainy,0,1,1
BUS019,30-01-2024,Coimbatore,Madurai,18:00:00,21:00:00,48,Rainy,0,1,1
BUS020,30-01-2024,Erode,Salem,19:00:00,22:00:00,4,Cloudy,0,1,0
BUS018,30-01-2024,Tirunelveli,Salem,20:00:00,23:00:00,36,Cloudy,0,1,1
BUS047,30-01-2024,Salem,Chennai,21:00:00,00:00:00,58,Rainy,0,0,1
BUS041,30-01-2024,Trichy,Madurai,22:00:00,01:00:00,15,Stormy,0,0,1
BUS049,30-01-2024,Trichy,Tirunelveli,23:00:00,02:00:00,74,Clear,1,1,1
BUS014,31-01-2024,Madurai,Erode,00:00:00,03:00:00,70,Foggy,,0,1
BUS015,31-01-2024,Madurai,Madurai,01:00:00,04:00:00,60,Cloudy,0,1,1
BUS031,31-01-2024,Trichy,Tirunelveli,02:00:00,05:00:00,35,Foggy,0,1,1
BUS001,31-01-2024,Salem,Salem,03:00:00,06:00:00,18,Stormy,0,1,1
BUS003,31-01-2024,Trichy,Erode,04:00:00,07:00:00,29,Cloudy,,1,1
BUS016,31-01-2024,Tirunelveli,Tirunelveli,05:00:00,08:00:00,50,Foggy,1,0,1
BUS023,31-01-2024,Salem,Trichy,06:00:00,09:00:00,24,Stormy,1,1,1
BUS011,31-01-2024,Madurai,Tirunelveli,07:00:00,10:00:00,51,Clear,1,1,1
BUS012,31-01-2024,Chennai,Chennai,08:00:00,11:00:00,88,Stormy,,0,1
BUS010,31-01-2024,Erode,Salem,09:00:00,12:00:00,41,Cloudy,0,1,1
BUS032,31-01-2024,Tirunelveli,Tirunelveli,10:00:00,13:00:00,29,Rainy,0,0,1
BUS016,31-01-2024,Tirunelveli,Coimbatore,11:00:00,14:00:00,13,Clear,0,1,1
BUS008,31-01-2024,Madurai,Coimbatore,12:00:00,15:00:00,108,Foggy,0,0,1
BUS038,31-01-2024,Madurai,Chennai,13:00:00,16:00:00,2,Cloudy,0,0,0
BUS012,31-01-2024,Coimbatore,Trichy,14:00:00,17:00:00,20,Rainy,0,0,1
BUS024,31-01-2024,Tirunelveli,Salem,15:00:00,18:00:00,107,Stormy,0,1,1
BUS028,31-01-2024,Coimbatore,Madurai,16:00:00,19:00:00,98,Rainy,0,0,1
BUS008,31-01-2024,Coimbatore,Chennai,17:00:00,20:00:00,65,Cloudy,0,0,1
BUS028,31-01-2024,Erode,Trichy,18:00:00,21:00:00,24,,0,0,1
BUS036,31-01-2024,Coimbatore,Madurai,19:00:00,22:00:00,1,,0,1,0
BUS026,31-01-2024,Salem,Coimbatore,20:00:00,23:00:00,61,Stormy,0,0,1
BUS008,31-01-2024,Trichy,Coimbatore,21:00:00,00:00:00,59,Rainy,0,0,1
BUS050,31-01-2024,Chennai,Madurai,22:00:00,01:00:00,30,Cloudy,0,1,1
BUS028,31-01-2024,Madurai,Chennai,23:00:00,02:00:00,19,Cloudy,0,0,1
BUS028,01-02-2024,Salem,Coimbatore,00:00:00,03:00:00,31,Foggy,0,1,1
BUS037,01-02-2024,Chennai,Salem,01:00:00,04:00:00,-5,Foggy,0,0,0
BUS041,01-02-2024,Tirunelveli,Erode,02:00:00,05:00:00,9,Clear,0,1,0
BUS036,01-02-2024,Tirunelveli,Tirunelveli,03:00:00,06:00:00,31,Cloudy,0,0,1
BUS027,01-02-2024,Tirunelveli,Madurai,04:00:00,07:00:00,7,Foggy,0,0,0
BUS017,01-02-2024,Salem,Madurai,05:00:00,08:00:00,98,Rainy,0,1,1
BUS009,01-02-2024,Salem,Coimbatore,06:00:00,09:00:00,2,Stormy,0,0,0
BUS033,01-02-2024,Madurai,Chennai,07:00:00,10:00:00,-1,Rainy,0,1,0
BUS020,01-02-2024,Trichy,Salem,08:00:00,11:00:00,54,Stormy,0,0,1
BUS013,01-02-2024,Coimbatore,Chennai,09:00:00,12:00:00,67,Foggy,0,0,1
BUS028,01-02-2024,Tirunelveli,Trichy,10:00:00,13:00:00,,Clear,0,0,0
BUS048,01-02-2024,Erode,Trichy,11:00:00,14:00:00,30,Rainy,0,1,1
BUS029,01-02-2024,Trichy,Erode,12:00:00,15:00:00,29,Rainy,0,0,1
BUS013,01-02-2024,Erode,Coimbatore,13:00:00,16:00:00,60,Rainy,0,0,1
BUS046,01-02-2024,Madurai,Coimbatore,14:00:00,17:00:00,57,Stormy,0,0,1
BUS035,01-02-2024,Madurai,Coimbatore,15:00:00,18:00:00,98,Foggy,0,0,1
BUS006,01-02-2024,Madurai,Erode,16:00:00,19:00:00,17,Rainy,0,0,1
BUS018,01-02-2024,Chennai,Trichy,17:00:00,20:00:00,3,Rainy,0,1,0
BUS005,01-02-2024,Erode,Chennai,18:00:00,21:00:00,28,Clear,0,0,1
BUS047,01-02-2024,Trichy,Erode,19:00:00,22:00:00,40,Clear,0,1,1
BUS025,01-02-2024,Trichy,Erode,20:00:00,23:00:00,72,Foggy,0,0,1
BUS002,01-02-2024,Salem,Chennai,21:00:00,00:00:00,-2,Foggy,0,1,0
BUS010,01-02-2024,Salem,Coimbatore,22:00:00,01:00:00,24,Cloudy,1,1,1
BUS030,01-02-2024,Tirunelveli,Salem,23:00:00,02:00:00,,Clear,0,0,1
BUS050,02-02-2024,Salem,Chennai,00:00:00,03:00:00,96,Cloudy,0,1,1
BUS045,02-02-2024,Madurai,Trichy,01:00:00,04:00:00,69,Stormy,0,0,1
BUS005,02-02-2024,Trichy,Madurai,02:00:00,05:00:00,93,Cloudy,0,1,1
BUS033,02-02-2024,Erode,Madurai,03:00:00,06:00:00,66,Rainy,0,1,1
BUS001,02-02-2024,Madurai,Tirunelveli,04:00:00,07:00:00,-3,,0,0,0
BUS018,02-02-2024,Chennai,Tirunelveli,05:00:00,08:00:00,8,Foggy,0,0,0
BUS032,02-02-2024,Salem,Erode,06:00:00,09:00:00,54,Stormy,1,0,1
BUS047,02-02-2024,Madurai,Madurai,07:00:00,10:00:00,71,Rainy,0,0,1
BUS049,02-02-2024,Madurai,Salem,08:00:00,11:00:00,39,Cloudy,0,0,1
BUS011,02-02-2024,Chennai,Coimbatore,09:00:00,12:00:00,90,Stormy,1,0,1
BUS021,02-02-2024,Coimbatore,Trichy,10:00:00,13:00:00,28,Stormy,0,0,1
BUS026,02-02-2024,Trichy,Tirunelveli,11:00:00,14:00:00,39,Rainy,1,1,1
BUS025,02-02-2024,Erode,Salem,12:00:00,15:00:00,55,Cloudy,0,0,1
BUS022,02-02-2024,Tirunelveli,Trichy,13:00:00,16:00:00,77,Stormy,,0,1
BUS027,02-02-2024,Coimbatore,Trichy,14:00:00,17:00:00,117,Stormy,0,1,1
BUS049,02-02-2024,Salem,Coimbatore,15:00:00,18:00:00,96,Clear,0,0,1
BUS013,02-02-2024,Madurai,Erode,16:00:00,19:00:00,10,Stormy,1,0,0
BUS033,02-02-2024,Chennai,Madurai,17:00:00,20:00:00,60,Clear,0,0,1
BUS034,02-02-2024,Chennai,Coimbatore,18:00:00,21:00:00,34,Cloudy,0,1,1
BUS041,02-02-2024,Trichy,Salem,19:00:00,22:00:00,11,Cloudy,0,1,1
BUS035,02-02-2024,Coimbatore,Erode,20:00:00,23:00:00,113,Cloudy,0,0,1
BUS001,02-02-2024,Tirunelveli,Salem,21:00:00,00:00:00,28,Foggy,0,1,1
BUS021,02-02-2024,Trichy,Erode,22:00:00,01:00:00,100,Cloudy,0,0,1
BUS048,02-02-2024,Madurai,Tirunelveli,23:00:00,02:00:00,118,Stormy,0,1,1
BUS006,03-02-2024,Trichy,Salem,00:00:00,03:00:00,10,Rainy,0,1,0
BUS028,03-02-2024,Erode,Coimbatore,01:00:00,04:00:00,96,Clear,0,1,1
BUS017,03-02-2024,Chennai,Erode,02:00:00,05:00:00,54,Foggy,0,0,1
BUS005,03-02-2024,Chennai,Erode,03:00:00,06:00:00,60,Cloudy,0,0,1
BUS031,03-02-2024,Salem,Trichy,04:00:00,07:00:00,60,Cloudy,0,0,1
BUS005,03-02-2024,Salem,Trichy,05:00:00,08:00:00,84,Rainy,0,1,1
BUS038,03-02-2024,Tirunelveli,Chennai,06:00:00,09:00:00,7,Rainy,,0,0
BUS003,03-02-2024,Madurai,Salem,07:00:00,10:00:00,50,Foggy,0,1,1
BUS023,03-02-2024,Erode,Trichy,08:00:00,11:00:00,105,Clear,0,1,1
BUS037,03-02-2024,Coimbatore,Chennai,09:00:00,12:00:00,25,Cloudy,0,0,1
BUS037,03-02-2024,Trichy,Tirunelveli,10:00:00,13:00:00,118,Foggy,1,1,1
BUS010,03-02-2024,Tirunelveli,Tirunelveli,11:00:00,14:00:00,28,Stormy,0,1,1
BUS010,03-02-2024,Madurai,Trichy,12:00:00,15:00:00,33,Stormy,,1,1
BUS019,03-02-2024,Salem,Salem,13:00:00,16:00:00,61,,0,1,1
BUS017,03-02-2024,Trichy,Erode,14:00:00,17:00:00,2,Cloudy,0,1,0
BUS021,03-02-2024,Salem,Madurai,15:00:00,18:00:00,81,Foggy,1,0,1
BUS014,03-02-2024,Trichy,Salem,16:00:00,19:00:00,72,Cloudy,0,1,1
BUS009,03-02-2024,Coimbatore,Coimbatore,17:00:00,20:00:00,114,Rainy,0,0,1
BUS046,03-02-2024,Madurai,Tirunelveli,18:00:00,21:00:00,49,Foggy,1,1,1
BUS001,03-02-2024,Trichy,Trichy,19:00:00,22:00:00,21,Cloudy,0,1,1
BUS045,03-02-2024,Erode,Trichy,20:00:00,23:00:00,112,Foggy,0,0,1
BUS013,03-02-2024,Tirunelveli,Erode,21:00:00,00:00:00,87,Foggy,0,1,1
BUS004,03-02-2024,Chennai,Coimbatore,22:00:00,01:00:00,97,Cloudy,0,0,1
BUS001,03-02-2024,Erode,Erode,23:00:00,02:00:00,47,Cloudy,1,0,1
BUS049,04-02-2024,Erode,Coimbatore,00:00:00,03:00:00,33,Clear,1,0,1
BUS040,04-02-2024,Tirunelveli,Madurai,01:00:00,04:00:00,59,Foggy,0,1,1
BUS032,04-02-2024,Chennai,Tirunelveli,02:00:00,05:00:00,11,Stormy,0,1,1
BUS034,04-02-2024,Erode,Trichy,03:00:00,06:00:00,99,Foggy,1,1,1
BUS028,04-02-2024,Trichy,Trichy,04:00:00,07:00:00,24,Foggy,0,0,1
BUS031,04-02-2024,Trichy,Madurai,05:00:00,08:00:00,47,Cloudy,0,1,1
BUS008,04-02-2024,Trichy,Chennai,06:00:00,09:00:00,7,Foggy,1,1,0
BUS039,04-02-2024,Chennai,Tirunelveli,07:00:00,10:00:00,15,Foggy,0,0,1
BUS026,04-02-2024,Erode,Erode,08:00:00,11:00:00,13,Stormy,0,0,1
BUS034,04-02-2024,Chennai,Madurai,09:00:00,12:00:00,47,Cloudy,0,0,1
BUS003,04-02-2024,Trichy,Erode,10:00:00,13:00:00,13,Foggy,1,1,1
BUS050,04-02-2024,Tirunelveli,Salem,11:00:00,14:00:00,51,Rainy,0,1,1
BUS012,04-02-2024,Erode,Trichy,12:00:00,15:00:00,19,Clear,0,1,1
BUS001,04-02-2024,Erode,Erode,13:00:00,16:00:00,80,Stormy,0,0,1
BUS044,04-02-2024,Salem,Coimbatore,14:00:00,17:00:00,25,,0,1,1
BUS005,04-02-2024,Salem,Erode,15:00:00,18:00:00,75,Rainy,0,0,1
BUS030,04-02-2024,Coimbatore,Salem,16:00:00,19:00:00,49,Foggy,0,0,1
BUS030,04-02-2024,Madurai,Tirunelveli,17:00:00,20:00:00,17,,0,1,1
BUS017,04-02-2024,Salem,Trichy,18:00:00,21:00:00,26,Cloudy,,0,1
BUS048,04-02-2024,Chennai,Madurai,19:00:00,22:00:00,56,Cloudy,1,1,1
BUS047,04-02-2024,Salem,Salem,20:00:00,23:00:00,68,Cloudy,0,0,1
BUS023,04-02-2024,Coimbatore,Trichy,21:00:00,00:00:00,4,Rainy,1,1,0
BUS015,04-02-2024,Erode,Erode,22:00:00,01:00:00,94,Foggy,0,0,1
BUS037,04-02-2024,Coimbatore,Tirunelveli,23:00:00,02:00:00,66,Clear,0,0,1
BUS021,05-02-2024,Erode,Chennai,00:00:00,03:00:00,48,Stormy,0,0,1
BUS014,05-02-2024,Tirunelveli,Tirunelveli,01:00:00,04:00:00,46,Cloudy,0,0,1
BUS002,05-02-2024,Tirunelveli,Chennai,02:00:00,05:00:00,14,Cloudy,1,1,1
BUS011,05-02-2024,Erode,Coimbatore,03:00:00,06:00:00,26,Foggy,0,0,1
BUS039,05-02-2024,Madurai,Tirunelveli,04:00:00,07:00:00,,Foggy,0,1,1
BUS038,05-02-2024,Salem,Trichy,05:00:00,08:00:00,8,Rainy,0,1,0
BUS034,05-02-2024,Chennai,Chennai,06:00:00,09:00:00,44,,0,0,1
BUS038,05-02-2024,Chennai,Madurai,07:00:00,10:00:00,22,Cloudy,0,0,1
BUS050,05-02-2024,Trichy,Trichy,08:00:00,11:00:00,104,Foggy,0,1,1
BUS034,05-02-2024,Erode,Madurai,09:00:00,12:00:00,110,Clear,0,1,1
BUS018,05-02-2024,Chennai,Tirunelveli,10:00:00,13:00:00,,Stormy,0,1,1
BUS030,05-02-2024,Madurai,Madurai,11:00:00,14:00:00,18,Foggy,0,0,1
BUS015,05-02-2024,Erode,Chennai,12:00:00,15:00:00,73,Foggy,0,1,1
BUS027,05-02-2024,Madurai,Trichy,13:00:00,16:00:00,16,Rainy,0,0,1
BUS034,05-02-2024,Chennai,Erode,14:00:00,17:00:00,24,Stormy,0,1,1
BUS038,05-02-2024,Chennai,Salem,15:00:00,18:00:00,57,Cloudy,0,1,1
BUS033,05-02-2024,Trichy,Chennai,16:00:00,19:00:00,-2,Foggy,0,0,0
BUS024,05-02-2024,Chennai,Chennai,17:00:00,20:00:00,71,Cloudy,0,0,1
BUS015,05-02-2024,Erode,Erode,18:00:00,21:00:00,53,Foggy,0,0,1
BUS030,05-02-2024,Tirunelveli,Trichy,19:00:00,22:00:00,81,Cloudy,1,0,1
BUS042,05-02-2024,Erode,Trichy,20:00:00,23:00:00,2,Stormy,0,1,0
BUS017,05-02-2024,Erode,Tirunelveli,21:00:00,00:00:00,,Rainy,0,0,1
BUS005,05-02-2024,Trichy,Madurai,22:00:00,01:00:00,6,Stormy,,0,0
BUS029,05-02-2024,Trichy,Tirunelveli,23:00:00,02:00:00,113,Clear,1,0,1
BUS004,06-02-2024,Chennai,Erode,00:00:00,03:00:00,25,Rainy,0,1,1
BUS010,06-02-2024,Coimbatore,Tirunelveli,01:00:00,04:00:00,72,Stormy,1,1,1
BUS017,06-02-2024,Coimbatore,Erode,02:00:00,05:00:00,28,Clear,0,0,1
BUS010,06-02-2024,Trichy,Trichy,03:00:00,06:00:00,76,Foggy,0,0,1
BUS017,06-02-2024,Chennai,Madurai,04:00:00,07:00:00,114,Foggy,0,1,1
BUS020,06-02-2024,Coimbatore,Tirunelveli,05:00:00,08:00:00,92,Cloudy,0,1,1
BUS024,06-02-2024,Chennai,Chennai,06:00:00,09:00:00,69,Rainy,,0,1
BUS005,06-02-2024,Chennai,Coimbatore,07:00:00,10:00:00,99,Foggy,,0,1
BUS034,06-02-2024,Chennai,Salem,08:00:00,11:00:00,70,Rainy,0,0,1
BUS006,06-02-2024,Salem,Chennai,09:00:00,12:00:00,43,Foggy,,0,1
BUS002,06-02-2024,Erode,Trichy,10:00:00,13:00:00,73,Cloudy,1,0,1
BUS013,06-02-2024,Chennai,Salem,11:00:00,14:00:00,51,Stormy,0,1,1
BUS043,06-02-2024,Salem,Coimbatore,12:00:00,15:00:00,89,Cloudy,1,0,1
BUS043,06-02-2024,Trichy,Coimbatore,13:00:00,16:00:00,107,Clear,,1,1
BUS048,06-02-2024,Coimbatore,Madurai,14:00:00,17:00:00,116,Foggy,0,0,1
BUS011,06-02-2024,Erode,Salem,15:00:00,18:00:00,,Clear,0,1,1
BUS047,06-02-2024,Tirunelveli,Madurai,16:00:00,19:00:00,,,,1,1
BUS023,06-02-2024,Coimbatore,Chennai,17:00:00,20:00:00,12,Rainy,1,0,1
BUS016,06-02-2024,Erode,Erode,18:00:00,21:00:00,90,Foggy,0,0,1
BUS031,06-02-2024,Tirunelveli,Erode,19:00:00,22:00:00,80,Clear,0,1,1
BUS011,06-02-2024,Coimbatore,Erode,20:00:00,23:00:00,32,Stormy,0,0,1
BUS016,06-02-2024,Erode,Salem,21:00:00,00:00:00,75,Clear,0,0,1
BUS008,06-02-2024,Coimbatore,Erode,22:00:00,01:00:00,81,Stormy,0,0,1
BUS004,06-02-2024,Coimbatore,Chennai,23:00:00,02:00:00,82,Rainy,0,1,1
BUS040,07-02-2024,Tirunelveli,Madurai,00:00:00,03:00:00,44,Clear,0,0,1
BUS004,07-02-2024,Coimbatore,Salem,01:00:00,04:00:00,2,Cloudy,1,1,0
BUS025,07-02-2024,Coimbatore,Madurai,02:00:00,05:00:00,35,Rainy,1,0,1
BUS003,07-02-2024,Tirunelveli,Salem,03:00:00,06:00:00,0,Stormy,0,1,0
BUS032,07-02-2024,Trichy,Madurai,04:00:00,07:00:00,63,Rainy,1,0,1
BUS003,07-02-2024,Chennai,Coimbatore,05:00:00,08:00:00,38,Clear,0,1,1
BUS027,07-02-2024,Madurai,Madurai,06:00:00,09:00:00,,Foggy,0,0,1
BUS029,07-02-2024,Salem,Erode,07:00:00,10:00:00,58,Foggy,0,1,1
BUS032,07-02-2024,Madurai,Coimbatore,08:00:00,11:00:00,23,Stormy,1,1,1
BUS050,07-02-2024,Madurai,Madurai,09:00:00,12:00:00,22,Stormy,1,0,1
BUS019,07-02-2024,Erode,Salem,10:00:00,13:00:00,5,Foggy,0,0,0
BUS021,07-02-2024,Chennai,Salem,11:00:00,14:00:00,115,Stormy,1,0,1
BUS005,07-02-2024,Erode,Salem,12:00:00,15:00:00,59,Rainy,0,0,1
BUS018,07-02-2024,Chennai,Trichy,13:00:00,16:00:00,101,Cloudy,0,1,1
BUS028,07-02-2024,Tirunelveli,Chennai,14:00:00,17:00:00,13,Cloudy,0,0,1
BUS042,07-02-2024,Tirunelveli,Salem,15:00:00,18:00:00,3,Rainy,0,0,0
BUS022,07-02-2024,Chennai,Coimbatore,16:00:00,19:00:00,21,Cloudy,0,1,1
BUS021,07-02-2024,Coimbatore,Salem,17:00:00,20:00:00,28,Clear,1,0,1
BUS006,07-02-2024,Trichy,Trichy,18:00:00,21:00:00,38,Rainy,0,0,1
BUS001,07-02-2024,Coimbatore,Erode,19:00:00,22:00:00,62,Stormy,0,0,1
BUS005,07-02-2024,Trichy,Coimbatore,20:00:00,23:00:00,94,Rainy,0,1,1
BUS041,07-02-2024,Erode,Trichy,21:00:00,00:00:00,76,Foggy,0,1,1
BUS012,07-02-2024,Trichy,Erode,22:00:00,01:00:00,9,Stormy,1,1,0
BUS026,07-02-2024,Erode,Tirunelveli,23:00:00,02:00:00,45,Foggy,0,0,1
BUS046,08-02-2024,Tirunelveli,Tirunelveli,00:00:00,03:00:00,7,,0,1,0
BUS034,08-02-2024,Madurai,Coimbatore,01:00:00,04:00:00,77,Cloudy,1,0,1
BUS049,08-02-2024,Tirunelveli,Madurai,02:00:00,05:00:00,43,Rainy,0,0,1
BUS014,08-02-2024,Tirunelveli,Chennai,03:00:00,06:00:00,64,,0,0,1
BUS026,08-02-2024,Madurai,Chennai,04:00:00,07:00:00,106,Stormy,0,0,1
BUS045,08-02-2024,Trichy,Trichy,05:00:00,08:00:00,50,Stormy,0,0,1
BUS027,08-02-2024,Trichy,Erode,06:00:00,09:00:00,70,Foggy,0,0,1
BUS009,08-02-2024,Erode,Chennai,07:00:00,10:00:00,45,Cloudy,0,0,1
BUS026,08-02-2024,Coimbatore,Erode,08:00:00,11:00:00,31,Foggy,1,0,1
BUS047,08-02-2024,Erode,Erode,09:00:00,12:00:00,11,Foggy,1,1,1
BUS022,08-02-2024,Coimbatore,Trichy,10:00:00,13:00:00,52,Cloudy,0,0,1
BUS047,08-02-2024,Tirunelveli,Trichy,11:00:00,14:00:00,81,Clear,0,1,1
BUS030,08-02-2024,Madurai,Trichy,12:00:00,15:00:00,84,Foggy,1,0,1
BUS043,08-02-2024,Tirunelveli,Chennai,13:00:00,16:00:00,23,Foggy,0,1,1
BUS048,08-02-2024,Chennai,Tirunelveli,14:00:00,17:00:00,27,Stormy,0,0,1
BUS017,08-02-2024,Trichy,Trichy,15:00:00,18:00:00,54,Cloudy,0,0,1
BUS026,08-02-2024,Coimbatore,Chennai,16:00:00,19:00:00,85,Rainy,1,0,1
BUS036,08-02-2024,Erode,Trichy,17:00:00,20:00:00,83,Clear,0,1,1
BUS001,08-02-2024,Madurai,Salem,18:00:00,21:00:00,114,Clear,0,1,1
BUS008,08-02-2024,Coimbatore,Erode,19:00:00,22:00:00,49,Cloudy,0,0,1
BUS049,08-02-2024,Erode,Trichy,20:00:00,23:00:00,4,Stormy,1,0,0
BUS035,08-02-2024,Trichy,Coimbatore,21:00:00,00:00:00,41,Stormy,0,1,1
BUS015,08-02-2024,Tirunelveli,Erode,22:00:00,01:00:00,17,Cloudy,1,1,1
BUS047,08-02-2024,Trichy,Erode,23:00:00,02:00:00,79,Stormy,0,0,1
BUS022,09-02-2024,Salem,Trichy,00:00:00,03:00:00,15,Clear,0,0,1
BUS014,09-02-2024,Chennai,Tirunelveli,01:00:00,04:00:00,101,Clear,0,0,1
BUS026,09-02-2024,Salem,Madurai,02:00:00,05:00:00,7,Rainy,0,1,0
BUS028,09-02-2024,Madurai,Tirunelveli,03:00:00,06:00:00,95,Cloudy,1,0,1
BUS023,09-02-2024,Coimbatore,Trichy,04:00:00,07:00:00,27,Foggy,0,1,1
BUS014,09-02-2024,Madurai,Erode,05:00:00,08:00:00,18,Foggy,0,0,1
BUS024,09-02-2024,Tirunelveli,Coimbatore,06:00:00,09:00:00,102,Rainy,0,0,1
BUS002,09-02-2024,Erode,Erode,07:00:00,10:00:00,5,Rainy,0,0,0
BUS045,09-02-2024,Trichy,Tirunelveli,08:00:00,11:00:00,11,Stormy,0,1,1
BUS026,09-02-2024,Salem,Coimbatore,09:00:00,12:00:00,62,Rainy,0,1,1
BUS014,09-02-2024,Salem,Chennai,10:00:00,13:00:00,41,,1,0,1
BUS007,09-02-2024,Tirunelveli,Salem,11:00:00,14:00:00,19,Foggy,0,1,1
BUS003,09-02-2024,Salem,Erode,12:00:00,15:00:00,88,Stormy,0,0,1
BUS047,09-02-2024,Tirunelveli,Trichy,13:00:00,16:00:00,67,Rainy,,0,1
BUS023,09-02-2024,Madurai,Chennai,14:00:00,17:00:00,15,Rainy,0,0,1
BUS046,09-02-2024,Trichy,Salem,15:00:00,18:00:00,78,Stormy,0,0,1
BUS043,09-02-2024,Coimbatore,Trichy,16:00:00,19:00:00,77,Cloudy,1,0,1
BUS047,09-02-2024,Erode,Madurai,17:00:00,20:00:00,77,Stormy,0,1,1
BUS045,09-02-2024,Coimbatore,Trichy,18:00:00,21:00:00,6,Foggy,0,0,0
BUS018,09-02-2024,Madurai,Coimbatore,19:00:00,22:00:00,31,Cloudy,0,1,1
BUS038,09-02-2024,Erode,Coimbatore,20:00:00,23:00:00,36,Clear,1,0,1
BUS035,09-02-2024,Salem,Madurai,21:00:00,00:00:00,11,Stormy,0,1,1
BUS015,09-02-2024,Chennai,Chennai,22:00:00,01:00:00,95,Foggy,0,0,1
BUS025,09-02-2024,Madurai,Salem,23:00:00,02:00:00,112,Cloudy,0,0,1
BUS037,10-02-2024,Madurai,Trichy,00:00:00,03:00:00,,Stormy,0,0,1
BUS028,10-02-2024,Trichy,Coimbatore,01:00:00,04:00:00,97,Rainy,0,0,1
BUS010,10-02-2024,Coimbatore,Chennai,02:00:00,05:00:00,22,Stormy,0,1,1
BUS039,10-02-2024,Madurai,Madurai,03:00:00,06:00:00,35,Clear,0,0,1
BUS017,10-02-2024,Madurai,Tirunelveli,04:00:00,07:00:00,93,Stormy,0,1,1
BUS039,10-02-2024,Salem,Erode,05:00:00,08:00:00,41,Cloudy,1,0,1
BUS022,10-02-2024,Salem,Tirunelveli,06:00:00,09:00:00,106,Cloudy,0,0,1
BUS026,10-02-2024,Erode,Tirunelveli,07:00:00,10:00:00,12,Stormy,0,0,1
BUS044,10-02-2024,Tirunelveli,Coimbatore,08:00:00,11:00:00,72,Cloudy,0,1,1
BUS025,10-02-2024,Tirunelveli,Madurai,09:00:00,12:00:00,93,Rainy,0,1,1
BUS017,10-02-2024,Chennai,Trichy,10:00:00,13:00:00,102,Stormy,0,0,1
BUS013,10-02-2024,Tirunelveli,Tirunelveli,11:00:00,14:00:00,99,Rainy,0,0,1
BUS020,10-02-2024,Trichy,Tirunelveli,12:00:00,15:00:00,118,Rainy,0,0,1
BUS025,10-02-2024,Chennai,Salem,13:00:00,16:00:00,65,Foggy,0,1,1
BUS004,10-02-2024,Erode,Coimbatore,14:00:00,17:00:00,99,Stormy,1,1,1
BUS010,10-02-2024,Salem,Coimbatore,15:00:00,18:00:00,7,Cloudy,0,0,0
BUS003,10-02-2024,Tirunelveli,Trichy,16:00:00,19:00:00,76,Rainy,1,0,1
BUS041,10-02-2024,Coimbatore,Erode,17:00:00,20:00:00,95,Foggy,0,0,1
BUS045,10-02-2024,Salem,Chennai,18:00:00,21:00:00,7,Stormy,0,1,0
BUS018,10-02-2024,Trichy,Salem,19:00:00,22:00:00,94,Stormy,0,0,1
BUS047,10-02-2024,Salem,Coimbatore,20:00:00,23:00:00,25,Clear,0,1,1
BUS036,10-02-2024,Trichy,Salem,21:00:00,00:00:00,-4,Clear,0,0,0
BUS047,10-02-2024,Trichy,Coimbatore,22:00:00,01:00:00,10,Rainy,0,1,0
BUS022,10-02-2024,Trichy,Salem,23:00:00,02:00:00,3,Clear,1,1,0
BUS034,11-02-2024,Erode,Madurai,00:00:00,03:00:00,67,Rainy,1,1,1
BUS047,11-02-2024,Trichy,Tirunelveli,01:00:00,04:00:00,32,Cloudy,0,1,1
BUS008,11-02-2024,Trichy,Coimbatore,02:00:00,05:00:00,69,Rainy,0,1,1
BUS040,11-02-2024,Coimbatore,Salem,03:00:00,06:00:00,48,Clear,0,0,1
BUS049,11-02-2024,Chennai,Chennai,04:00:00,07:00:00,50,Cloudy,0,0,1
BUS044,11-02-2024,Madurai,Madurai,05:00:00,08:00:00,80,Clear,,0,1
BUS019,11-02-2024,Chennai,Madurai,06:00:00,09:00:00,91,Rainy,1,1,1
BUS042,11-02-2024,Trichy,Chennai,07:00:00,10:00:00,94,Foggy,0,0,1
BUS041,11-02-2024,Coimbatore,Salem,08:00:00,11:00:00,103,Stormy,0,1,1
BUS037,11-02-2024,Salem,Trichy,09:00:00,12:00:00,81,,0,1,1
BUS006,11-02-2024,Coimbatore,Chennai,10:00:00,13:00:00,39,,0,0,1
BUS026,11-02-2024,Trichy,Salem,11:00:00,14:00:00,103,Cloudy,,0,1
BUS034,11-02-2024,Coimbatore,Chennai,12:00:00,15:00:00,28,Clear,0,0,1
BUS045,11-02-2024,Tirunelveli,Chennai,13:00:00,16:00:00,3,Clear,0,0,0
BUS006,11-02-2024,Coimbatore,Coimbatore,14:00:00,17:00:00,82,Stormy,0,0,1
BUS037,11-02-2024,Trichy,Salem,15:00:00,18:00:00,2,Rainy,0,0,0
BUS033,11-02-2024,Erode,Trichy,16:00:00,19:00:00,1,Foggy,1,1,0
BUS022,11-02-2024,Tirunelveli,Tirunelveli,17:00:00,20:00:00,30,Cloudy,0,1,1
BUS021,11-02-2024,Coimbatore,Coimbatore,18:00:00,21:00:00,12,Rainy,0,0,1
BUS006,11-02-2024,Madurai,Chennai,19:00:00,22:00:00,-3,Cloudy,0,0,0
BUS006,11-02-2024,Madurai,Tirunelveli,20:00:00,23:00:00,22,Clear,0,0,1
BUS048,11-02-2024,Coimbatore,Erode,21:00:00,00:00:00,,Stormy,0,1,1
BUS004,11-02-2024,Erode,Tirunelveli,22:00:00,01:00:00,102,,,1,1
BUS030,11-02-2024,Salem,Chennai,23:00:00,02:00:00,38,Foggy,0,0,1
BUS011,12-02-2024,Trichy,Chennai,00:00:00,03:00:00,15,Stormy,0,0,1
BUS030,12-02-2024,Madurai,Salem,01:00:00,04:00:00,22,Clear,0,1,1
BUS031,12-02-2024,Salem,Salem,02:00:00,05:00:00,,Foggy,0,1,1
BUS024,12-02-2024,Coimbatore,Coimbatore,03:00:00,06:00:00,48,Rainy,1,0,1
BUS009,12-02-2024,Salem,Trichy,04:00:00,07:00:00,48,Stormy,1,1,1
BUS003,12-02-2024,Tirunelveli,Coimbatore,05:00:00,08:00:00,59,Foggy,0,0,1
BUS031,12-02-2024,Chennai,Madurai,06:00:00,09:00:00,94,Clear,0,0,1
BUS040,12-02-2024,Madurai,Chennai,07:00:00,10:00:00,15,Cloudy,0,1,1
BUS037,12-02-2024,Coimbatore,Tirunelveli,08:00:00,11:00:00,118,Cloudy,,1,1
BUS036,12-02-2024,Trichy,Erode,09:00:00,12:00:00,101,Clear,0,0,1
BUS024,12-02-2024,Erode,Chennai,10:00:00,13:00:00,93,Clear,1,1,1
BUS031,12-02-2024,Tirunelveli,Chennai,11:00:00,14:00:00,7,Cloudy,0,0,0
BUS006,12-02-2024,Coimbatore,Coimbatore,12:00:00,15:00:00,51,Foggy,0,1,1
BUS002,12-02-2024,Trichy,Erode,13:00:00,16:00:00,43,Cloudy,0,0,1
BUS020,12-02-2024,Erode,Erode,14:00:00,17:00:00,112,Clear,1,1,1
BUS028,12-02-2024,Erode,Erode,15:00:00,18:00:00,48,Stormy,,1,1
BUS011,12-02-2024,Coimbatore,Coimbatore,16:00:00,19:00:00,4,Rainy,0,0,0
BUS004,12-02-2024,Tirunelveli,Chennai,17:00:00,20:00:00,,Stormy,,1,1
BUS015,12-02-2024,Salem,Coimbatore,18:00:00,21:00:00,38,Stormy,0,1,1
BUS006,12-02-2024,Salem,Salem,19:00:00,22:00:00,41,Clear,0,1,1
BUS049,12-02-2024,Erode,Salem,20:00:00,23:00:00,47,Cloudy,0,0,1
BUS030,12-02-2024,Salem,Coimbatore,21:00:00,00:00:00,68,Foggy,0,1,1
BUS038,12-02-2024,Chennai,Erode,22:00:00,01:00:00,40,Stormy,1,1,1
BUS002,12-02-2024,Erode,Chennai,23:00:00,02:00:00,7,Cloudy,0,0,0
BUS015,13-02-2024,Erode,Coimbatore,00:00:00,03:00:00,31,,1,1,1
BUS011,13-02-2024,Trichy,Coimbatore,01:00:00,04:00:00,96,Stormy,,0,1
BUS008,13-02-2024,Salem,Coimbatore,02:00:00,05:00:00,18,Foggy,0,0,1
BUS026,13-02-2024,Tirunelveli,Madurai,03:00:00,06:00:00,-4,Cloudy,0,0,0
BUS045,13-02-2024,Erode,Salem,04:00:00,07:00:00,80,Rainy,0,0,1
BUS044,13-02-2024,Tirunelveli,Tirunelveli,05:00:00,08:00:00,75,Cloudy,0,1,1
BUS005,13-02-2024,Chennai,Erode,06:00:00,09:00:00,94,Clear,0,0,1
BUS006,13-02-2024,Trichy,Trichy,07:00:00,10:00:00,,Foggy,0,1,0
BUS026,13-02-2024,Coimbatore,Tirunelveli,08:00:00,11:00:00,4,Rainy,0,0,0
BUS004,13-02-2024,Tirunelveli,Erode,09:00:00,12:00:00,29,,0,0,1
BUS019,13-02-2024,Erode,Trichy,10:00:00,13:00:00,19,Foggy,0,0,1
BUS020,13-02-2024,Chennai,Madurai,11:00:00,14:00:00,-3,,1,0,0
BUS033,13-02-2024,Madurai,Coimbatore,12:00:00,15:00:00,105,Clear,1,1,1
BUS020,13-02-2024,Chennai,Madurai,13:00:00,16:00:00,96,Foggy,0,1,1
BUS049,13-02-2024,Chennai,Madurai,14:00:00,17:00:00,11,Cloudy,0,1,1
BUS012,13-02-2024,Trichy,Tirunelveli,15:00:00,18:00:00,6,Cloudy,0,0,0
BUS047,13-02-2024,Coimbatore,Chennai,16:00:00,19:00:00,48,Stormy,1,0,1
BUS001,13-02-2024,Madurai,Tirunelveli,17:00:00,20:00:00,110,Clear,0,0,1
BUS026,13-02-2024,Salem,Salem,18:00:00,21:00:00,18,Clear,0,0,1
BUS014,13-02-2024,Salem,Trichy,19:00:00,22:00:00,23,Cloudy,0,0,1
BUS038,13-02-2024,Tirunelveli,Coimbatore,20:00:00,23:00:00,37,Rainy,0,1,1
BUS037,13-02-2024,Chennai,Tirunelveli,21:00:00,00:00:00,19,Stormy,0,0,1
BUS011,13-02-2024,Trichy,Trichy,22:00:00,01:00:00,94,Stormy,0,1,1
BUS036,13-02-2024,Trichy,Erode,23:00:00,02:00:00,116,Cloudy,0,0,1
BUS013,14-02-2024,Salem,Trichy,00:00:00,03:00:00,54,Cloudy,0,0,1
BUS043,14-02-2024,Tirunelveli,Erode,01:00:00,04:00:00,84,Rainy,0,1,1
BUS003,14-02-2024,Tirunelveli,Tirunelveli,02:00:00,05:00:00,96,Rainy,,0,1
BUS033,14-02-2024,Tirunelveli,Salem,03:00:00,06:00:00,59,Clear,1,1,1
BUS006,14-02-2024,Madurai,Tirunelveli,04:00:00,07:00:00,78,Stormy,0,1,1
BUS050,14-02-2024,Coimbatore,Erode,05:00:00,08:00:00,113,Stormy,1,0,1
BUS010,14-02-2024,Madurai,Trichy,06:00:00,09:00:00,22,Cloudy,0,1,1
BUS005,14-02-2024,Erode,Trichy,07:00:00,10:00:00,10,Clear,0,0,0
BUS023,14-02-2024,Erode,Erode,08:00:00,11:00:00,,Stormy,1,0,1
BUS010,14-02-2024,Coimbatore,Madurai,09:00:00,12:00:00,75,Clear,0,1,1
BUS044,14-02-2024,Salem,Salem,10:00:00,13:00:00,98,Clear,1,0,1
BUS002,14-02-2024,Coimbatore,Chennai,11:00:00,14:00:00,86,Cloudy,0,1,1
BUS013,14-02-2024,Trichy,Coimbatore,12:00:00,15:00:00,52,Clear,1,1,1
BUS040,14-02-2024,Erode,Trichy,13:00:00,16:00:00,70,Rainy,0,1,1
BUS002,14-02-2024,Chennai,Coimbatore,14:00:00,17:00:00,21,Rainy,0,0,1
BUS020,14-02-2024,Chennai,Chennai,15:00:00,18:00:00,112,Foggy,0,0,1
BUS001,14-02-2024,Salem,Tirunelveli,16:00:00,19:00:00,,Cloudy,1,1,1
BUS037,14-02-2024,Trichy,Coimbatore,17:00:00,20:00:00,36,Foggy,1,0,1
BUS009,14-02-2024,Madurai,Chennai,18:00:00,21:00:00,53,Rainy,1,0,1
BUS017,14-02-2024,Trichy,Erode,19:00:00,22:00:00,41,Foggy,1,0,1
BUS009,14-02-2024,Chennai,Madurai,20:00:00,23:00:00,88,Cloudy,0,0,1
BUS011,14-02-2024,Chennai,Trichy,21:00:00,00:00:00,99,Cloudy,0,0,1
BUS015,14-02-2024,Erode,Chennai,22:00:00,01:00:00,28,Clear,0,1,1
BUS024,14-02-2024,Trichy,Coimbatore,23:00:00,02:00:00,31,Stormy,0,1,1
BUS038,15-02-2024,Trichy,Trichy,00:00:00,03:00:00,,Clear,0,0,0
BUS035,15-02-2024,Chennai,Madurai,01:00:00,04:00:00,1,Cloudy,,0,0
BUS030,15-02-2024,Madurai,Erode,02:00:00,05:00:00,,Rainy,0,0,1
BUS031,15-02-2024,Salem,Tirunelveli,03:00:00,06:00:00,90,Rainy,0,1,1
BUS049,15-02-2024,Tirunelveli,Trichy,04:00:00,07:00:00,111,Clear,,0,1
BUS005,15-02-2024,Salem,Tirunelveli,05:00:00,08:00:00,19,Cloudy,0,1,1
BUS044,15-02-2024,Trichy,Chennai,06:00:00,09:00:00,27,Rainy,0,0,1
BUS050,15-02-2024,Salem,Madurai,07:00:00,10:00:00,49,Cloudy,0,1,1
BUS014,15-02-2024,Chennai,Coimbatore,08:00:00,11:00:00,52,Rainy,0,0,1
BUS011,15-02-2024,Chennai,Madurai,09:00:00,12:00:00,1,Cloudy,0,1,0
BUS009,15-02-2024,Trichy,Madurai,10:00:00,13:00:00,110,Foggy,0,0,1
BUS034,15-02-2024,Trichy,Salem,11:00:00,14:00:00,51,Cloudy,0,1,1
BUS012,15-02-2024,Tirunelveli,Madurai,12:00:00,15:00:00,6,Cloudy,,0,0
BUS035,15-02-2024,Tirunelveli,Madurai,13:00:00,16:00:00,10,Clear,0,1,0
BUS035,15-02-2024,Erode,Trichy,14:00:00,17:00:00,74,Foggy,0,1,1
BUS001,15-02-2024,Trichy,Coimbatore,15:00:00,18:00:00,37,Stormy,0,0,1
BUS040,15-02-2024,Madurai,Trichy,16:00:00,19:00:00,111,Clear,,1,1
BUS022,15-02-2024,Salem,Trichy,17:00:00,20:00:00,94,Stormy,1,0,1
BUS029,15-02-2024,Trichy,Chennai,18:00:00,21:00:00,71,Rainy,,0,1
BUS008,15-02-2024,Coimbatore,Trichy,19:00:00,22:00:00,1,Stormy,0,0,0
BUS011,15-02-2024,Erode,Salem,20:00:00,23:00:00,94,Cloudy,,0,1
BUS041,15-02-2024,Coimbatore,Salem,21:00:00,00:00:00,105,Stormy,0,1,1
BUS037,15-02-2024,Chennai,Tirunelveli,22:00:00,01:00:00,45,Clear,0,1,1
BUS014,15-02-2024,Tirunelveli,Chennai,23:00:00,02:00:00,67,Clear,1,0,1
BUS030,16-02-2024,Salem,Tirunelveli,00:00:00,03:00:00,,Stormy,0,0,1
BUS035,16-02-2024,Trichy,Tirunelveli,01:00:00,04:00:00,69,Clear,0,1,1
BUS021,16-02-2024,Coimbatore,Erode,02:00:00,05:00:00,2,Clear,0,1,0
BUS037,16-02-2024,Salem,Coimbatore,03:00:00,06:00:00,91,Stormy,1,0,1
BUS005,16-02-2024,Chennai,Coimbatore,04:00:00,07:00:00,81,Foggy,0,1,1
BUS019,16-02-2024,Tirunelveli,Trichy,05:00:00,08:00:00,83,Foggy,0,0,1
BUS014,16-02-2024,Madurai,Trichy,06:00:00,09:00:00,114,Rainy,0,0,1
BUS026,16-02-2024,Erode,Erode,07:00:00,10:00:00,66,Clear,0,1,1
BUS004,16-02-2024,Salem,Trichy,08:00:00,11:00:00,39,Stormy,0,0,1
BUS025,16-02-2024,Salem,Coimbatore,09:00:00,12:00:00,80,Clear,0,0,1
BUS045,16-02-2024,Madurai,Tirunelveli,10:00:00,13:00:00,53,Cloudy,1,0,1
BUS042,16-02-2024,Salem,Madurai,11:00:00,14:00:00,-2,Clear,1,1,0
BUS025,16-02-2024,Chennai,Salem,12:00:00,15:00:00,98,Clear,,1,1
BUS018,16-02-2024,Chennai,Madurai,13:00:00,16:00:00,61,Foggy,0,0,1
BUS040,16-02-2024,Madurai,Madurai,14:00:00,17:00:00,23,Stormy,1,0,1
BUS008,16-02-2024,Erode,Coimbatore,15:00:00,18:00:00,99,Clear,0,0,1
BUS039,16-02-2024,Trichy,Madurai,16:00:00,19:00:00,23,,0,0,1
BUS040,16-02-2024,Coimbatore,Erode,17:00:00,20:00:00,92,,0,0,1
BUS014,16-02-2024,Trichy,Chennai,18:00:00,21:00:00,92,Foggy,0,1,1
BUS032,16-02-2024,Salem,Trichy,19:00:00,22:00:00,22,Foggy,0,0,1
BUS038,16-02-2024,Coimbatore,Chennai,20:00:00,23:00:00,71,Foggy,0,0,1
BUS033,16-02-2024,Madurai,Tirunelveli,21:00:00,00:00:00,73,Clear,0,0,1
BUS023,16-02-2024,Madurai,Salem,22:00:00,01:00:00,118,Clear,1,0,1
BUS015,16-02-2024,Erode,Trichy,23:00:00,02:00:00,81,Rainy,0,1,1
BUS033,17-02-2024,Coimbatore,Madurai,00:00:00,03:00:00,38,Cloudy,0,0,1
BUS025,17-02-2024,Chennai,Salem,01:00:00,04:00:00,84,Cloudy,0,0,1
BUS017,17-02-2024,Coimbatore,Trichy,02:00:00,05:00:00,-2,Cloudy,0,0,0
BUS033,17-02-2024,Salem,Erode,03:00:00,06:00:00,84,,0,0,1
BUS047,17-02-2024,Chennai,Erode,04:00:00,07:00:00,98,Cloudy,0,0,1
BUS002,17-02-2024,Tirunelveli,Erode,05:00:00,08:00:00,3,Cloudy,0,0,0
BUS014,17-02-2024,Tirunelveli,Erode,06:00:00,09:00:00,113,Foggy,0,0,1
BUS040,17-02-2024,Tirunelveli,Madurai,07:00:00,10:00:00,-1,Clear,0,0,0
BUS040,17-02-2024,Madurai,Chennai,08:00:00,11:00:00,50,Clear,1,0,1
BUS039,17-02-2024,Coimbatore,Trichy,09:00:00,12:00:00,90,Foggy,0,0,1
BUS006,17-02-2024,Tirunelveli,Madurai,10:00:00,13:00:00,78,Foggy,0,1,1
BUS006,17-02-2024,Trichy,Erode,11:00:00,14:00:00,44,Foggy,1,0,1
BUS003,17-02-2024,Erode,Tirunelveli,12:00:00,15:00:00,69,Clear,0,0,1
BUS007,17-02-2024,Trichy,Chennai,13:00:00,16:00:00,9,Cloudy,0,0,0
BUS008,17-02-2024,Tirunelveli,Tirunelveli,14:00:00,17:00:00,26,Foggy,,0,1
BUS042,17-02-2024,Erode,Salem,15:00:00,18:00:00,22,Rainy,0,1,1
BUS015,17-02-2024,Salem,Tirunelveli,16:00:00,19:00:00,16,Foggy,0,0,1
BUS047,17-02-2024,Trichy,Salem,17:00:00,20:00:00,99,Stormy,0,1,1
BUS029,17-02-2024,Coimbatore,Salem,18:00:00,21:00:00,11,Foggy,0,0,1
BUS033,17-02-2024,Coimbatore,Erode,19:00:00,22:00:00,53,Clear,0,0,1
BUS030,17-02-2024,Trichy,Salem,20:00:00,23:00:00,84,Foggy,0,1,1
BUS039,17-02-2024,Tirunelveli,Coimbatore,21:00:00,00:00:00,102,Stormy,0,0,1
BUS027,17-02-2024,Coimbatore,Trichy,22:00:00,01:00:00,,Rainy,0,0,1
BUS036,17-02-2024,Salem,Trichy,23:00:00,02:00:00,,Cloudy,0,0,1
BUS029,18-02-2024,Chennai,Erode,00:00:00,03:00:00,51,Foggy,,1,1
BUS038,18-02-2024,Tirunelveli,Coimbatore,01:00:00,04:00:00,20,Stormy,0,0,1
BUS033,18-02-2024,Salem,Tirunelveli,02:00:00,05:00:00,19,Stormy,0,1,1
BUS037,18-02-2024,Erode,Madurai,03:00:00,06:00:00,4,Rainy,0,0,0
BUS027,18-02-2024,Salem,Tirunelveli,04:00:00,07:00:00,,Clear,1,1,1
BUS033,18-02-2024,Tirunelveli,Madurai,05:00:00,08:00:00,39,Foggy,0,0,1
BUS004,18-02-2024,Erode,Salem,06:00:00,09:00:00,77,Stormy,0,1,1
BUS022,18-02-2024,Tirunelveli,Chennai,07:00:00,10:00:00,5,Rainy,0,0,0
BUS002,18-02-2024,Coimbatore,Madurai,08:00:00,11:00:00,71,Cloudy,0,1,1
BUS010,18-02-2024,Chennai,Chennai,09:00:00,12:00:00,47,,1,0,1
BUS005,18-02-2024,Tirunelveli,Trichy,10:00:00,13:00:00,66,Rainy,0,0,1
BUS010,18-02-2024,Tirunelveli,Chennai,11:00:00,14:00:00,98,Clear,1,0,1
BUS033,18-02-2024,Coimbatore,Trichy,12:00:00,15:00:00,62,Clear,0,0,1
BUS038,18-02-2024,Madurai,Coimbatore,13:00:00,16:00:00,105,Stormy,0,0,1
BUS013,18-02-2024,Coimbatore,Coimbatore,14:00:00,17:00:00,89,Stormy,0,1,1
BUS031,18-02-2024,Erode,Erode,15:00:00,18:00:00,22,Foggy,1,1,1
BUS047,18-02-2024,Coimbatore,Erode,16:00:00,19:00:00,69,Rainy,0,0,1
BUS036,18-02-2024,Coimbatore,Salem,17:00:00,20:00:00,101,Stormy,0,1,1
BUS045,18-02-2024,Chennai,Madurai,18:00:00,21:00:00,59,Foggy,0,0,1
BUS024,18-02-2024,Coimbatore,Salem,19:00:00,22:00:00,43,,0,0,1
BUS015,18-02-2024,Tirunelveli,Trichy,20:00:00,23:00:00,41,Stormy,1,1,1
BUS029,18-02-2024,Chennai,Salem,21:00:00,00:00:00,46,Clear,0,1,1
BUS008,18-02-2024,Trichy,Chennai,22:00:00,01:00:00,96,Rainy,0,1,1
BUS005,18-02-2024,Madurai,Trichy,23:00:00,02:00:00,82,Rainy,0,0,1
BUS029,19-02-2024,Chennai,Erode,00:00:00,03:00:00,48,Clear,0,1,1
BUS047,19-02-2024,Erode,Coimbatore,01:00:00,04:00:00,54,Stormy,1,0,1
BUS004,19-02-2024,Trichy,Erode,02:00:00,05:00:00,51,Rainy,0,0,1
BUS012,19-02-2024,Chennai,Madurai,03:00:00,06:00:00,41,Stormy,0,0,1
BUS045,19-02-2024,Chennai,Trichy,04:00:00,07:00:00,25,Stormy,1,1,1
BUS002,19-02-2024,Madurai,Trichy,05:00:00,08:00:00,99,Foggy,0,1,1
BUS027,19-02-2024,Tirunelveli,Chennai,06:00:00,09:00:00,40,Clear,0,1,1
BUS031,19-02-2024,Erode,Madurai,07:00:00,10:00:00,108,Stormy,0,0,1
BUS036,19-02-2024,Salem,Coimbatore,08:00:00,11:00:00,20,Cloudy,0,0,1
BUS036,19-02-2024,Salem,Tirunelveli,09:00:00,12:00:00,107,Clear,0,0,1
BUS026,19-02-2024,Chennai,Trichy,10:00:00,13:00:00,108,,1,0,1
BUS043,19-02-2024,Coimbatore,Trichy,11:00:00,14:00:00,-1,Foggy,0,0,0
BUS027,19-02-2024,Erode,Chennai,12:00:00,15:00:00,78,Rainy,0,1,1
BUS005,19-02-2024,Trichy,Salem,13:00:00,16:00:00,46,Rainy,1,0,1
BUS020,19-02-2024,Coimbatore,Coimbatore,14:00:00,17:00:00,99,Clear,0,0,1
BUS011,19-02-2024,Coimbatore,Erode,15:00:00,18:00:00,69,Rainy,0,0,1
BUS010,19-02-2024,Erode,Madurai,16:00:00,19:00:00,114,Stormy,0,0,1
BUS040,19-02-2024,Tirunelveli,Trichy,17:00:00,20:00:00,48,Rainy,1,0,1
BUS038,19-02-2024,Chennai,Trichy,18:00:00,21:00:00,27,Foggy,0,1,1
BUS006,19-02-2024,Chennai,Erode,19:00:00,22:00:00,44,Foggy,0,1,1
BUS008,19-02-2024,Chennai,Coimbatore,20:00:00,23:00:00,32,Cloudy,1,1,1
BUS023,19-02-2024,Chennai,Salem,21:00:00,00:00:00,21,Foggy,0,0,1
BUS047,19-02-2024,Salem,Trichy,22:00:00,01:00:00,92,Rainy,0,0,1
BUS026,19-02-2024,Chennai,Coimbatore,23:00:00,02:00:00,9,Foggy,1,0,0
